{
    "parent": "block/comparator",
    "display": {
        "head": {
            "rotation": [ 0, 180, 0 ],
            "translation": [ 0, 12.8, 0],
            "scale":[ 0.8, 0.8, 0.8]
        },
        "fixed": {
            "rotation": [ -90, 180, 0 ],
            "translation": [ 0, 0, -5],
            "scale":[ 0.75, 0.75, 0.75 ]
        },
		"gui": {
            "rotation": [ 30, 225, 0 ],
            "translation": [ 0, 0, 0],
            "scale":[ 0.625, 0.625, 0.625 ]
        },
        "ground": {
            "rotation": [ 0, 0, 0 ],
            "translation": [ 0, 3, 0],
            "scale":[ 0.25, 0.25, 0.25 ]
        },"thirdperson_righthand": {
            "rotation": [ 75, 45, 0 ],
            "translation": [ 0, 2.5, 0],
            "scale": [ 0.375, 0.375, 0.375 ]
        },
        "firstperson_righthand": {
            "rotation": [ 0, 45, 0 ],
            "translation": [ 0, 4, 0 ],
            "scale": [ 0.40, 0.40, 0.40 ]
        },
        "firstperson_lefthand": {
            "rotation": [ 0, 45, 0 ],
            "translation": [ 0, 4, 0 ],
            "scale": [ 0.40, 0.40, 0.40 ]
        }
	}
}