{
    "parent": "item/generated",
    "textures": {
        "layer0": "item/crossbow_standby"
    },
    "display": {
        "thirdperson_righthand": {
            "rotation": [ -90, 0, -60 ],
            "translation": [ 2, 0.1, -3 ],
            "scale": [ 0.9, 0.9, 0.9 ]
        },
        "thirdperson_lefthand": {
            "rotation": [ -90, 0, 30 ],
            "translation": [ 2, 0.1, -3 ],
            "scale": [ 0.9, 0.9, 0.9 ]
        },
        "firstperson_righthand": {
            "rotation": [ -90, 0, -55 ],
            "translation": [ 1.13, 3.2, 1.13],
            "scale": [ 0.68, 0.68, 0.68 ]
        },
        "firstperson_lefthand": {
            "rotation": [ -90, 0, 35 ],
            "translation": [ 1.13, 3.2, 1.13],
            "scale": [ 0.68, 0.68, 0.68 ]
        }
    },
    "overrides":[
		{"predicate": {"pulling": 0, "damaged": 0}, "model": "item/crossbow/crossbow_standby_0"},
		{"predicate": {"pulling": 0, "damaged": 1, "damage": 0.25}, "model": "item/crossbow/crossbow_standby_1"},
		{"predicate": {"pulling": 0, "damaged": 1, "damage": 0.5}, "model": "item/crossbow/crossbow_standby_2"},
		{"predicate": {"pulling": 0, "damaged": 1, "damage": 0.9}, "model": "item/crossbow/crossbow_standby_3"},
        {"predicate": {"pulling": 1}, "model": "item/crossbow_pulling_0/crossbow_pulling_0"},
        {"predicate": {"damaged": 1, "pulling": 1, "damage": 0.25}, "model": "item/crossbow_pulling_0/crossbow_pulling_0_1"},
        {"predicate": {"damaged": 1, "pulling": 1, "damage": 0.5}, "model": "item/crossbow_pulling_0/crossbow_pulling_0_2"},
        {"predicate": {"damaged": 1, "pulling": 1, "damage": 0.9}, "model": "item/crossbow_pulling_0/crossbow_pulling_0_3"},
        {"predicate": {"pulling": 1, "pull": 0.58}, "model": "item/crossbow_pulling_1/crossbow_pulling_1"},
        {"predicate": {"damaged": 1, "pulling": 1, "damage": 0.25, "pull": 0.58}, "model": "item/crossbow_pulling_1/crossbow_pulling_1_1"},
        {"predicate": {"damaged": 1, "pulling": 1, "damage": 0.5, "pull": 0.58}, "model": "item/crossbow_pulling_1/crossbow_pulling_1_2"},
        {"predicate": {"damaged": 1, "pulling": 1, "damage": 0.9, "pull": 0.58}, "model": "item/crossbow_pulling_1/crossbow_pulling_1_3"},
        {"predicate": {"pulling": 1, "pull": 1.0}, "model": "item/crossbow_pulling_2/crossbow_pulling_2"},
        {"predicate": {"damaged": 1, "pulling": 1, "damage": 0.25, "pull": 1.0}, "model": "item/crossbow_pulling_2/crossbow_pulling_2_1"},
        {"predicate": {"damaged": 1, "pulling": 1, "damage": 0.5, "pull": 1.0}, "model": "item/crossbow_pulling_2/crossbow_pulling_2_2"},
        {"predicate": {"damaged": 1, "pulling": 1, "damage": 0.9, "pull": 1.0}, "model": "item/crossbow_pulling_2/crossbow_pulling_2_3"},
        {"predicate": {"charged": 1}, "model": "item/crossbow_arrow/crossbow_arrow_0"},
        {"predicate": {"damaged": 1, "charged": 1, "damage": 0.25}, "model": "item/crossbow_arrow/crossbow_arrow_1"},
        {"predicate": {"damaged": 1, "charged": 1, "damage": 0.5}, "model": "item/crossbow_arrow/crossbow_arrow_2"},
        {"predicate": {"damaged": 1, "charged": 1, "damage": 0.9}, "model": "item/crossbow_arrow/crossbow_arrow_3"},
        {"predicate": {"charged": 1, "firework": 1}, "model": "item/crossbow_firework/crossbow_firework_0"},
        {"predicate": {"damaged": 1, "charged": 1, "damage": 0.25, "firework": 1}, "model": "item/crossbow_firework/crossbow_firework_1"},
        {"predicate": {"damaged": 1, "charged": 1, "damage": 0.5, "firework": 1}, "model": "item/crossbow_firework/crossbow_firework_2"},
        {"predicate": {"damaged": 1, "charged": 1, "damage": 0.9, "firework": 1}, "model": "item/crossbow_firework/crossbow_firework_3"}
	]
}