{
    "parent": "block/end_rod",
	"gui_light": "front",
    "display": {
        "thirdperson_righthand": {
            "rotation": [ 0, 45, 0 ],
            "translation": [ 0, 5, 1 ],
            "scale": [ 1, 1, 1 ]
        },
        "thirdperson_lefthand": {
            "rotation": [ 0, 45, 0 ],
            "translation": [ 0, 5, 1 ],
            "scale": [ 1, 1, 1 ]
        },
        "firstperson_righthand": {
            "rotation": [ -5, -55, 0 ],
            "translation": [ 10, -1, -10 ],
            "scale": [ 1.25, 1.25, 1.25 ]
        },
        "firstperson_lefthand": {
            "rotation": [ -5, -55, 0 ],
            "translation": [ 10, -1, -10 ],
            "scale": [ 1.25, 1.25, 1.25 ]
        },
        "ground": {
            "rotation": [ 0, 0, 0 ],
            "translation": [ 0, 2, 0],
            "scale":[ 0.5, 0.5, 0.5]
        },
        "gui": {
            "rotation": [ 0, 0, 0 ],
            "translation": [ 0, 0, 0],
            "scale":[ 0.75, 0.75, 0.75]
        },
        "fixed": {
            "rotation": [ 0, 180, 0 ],
            "translation": [ 0, 0, 0],
            "scale":[ 1, 1, 1]
        }
	}
}