{
    "parent": "item/handheld_rod",
    "textures": {
        "layer0": "item/fishing_rod_uncast"
    },
	"overrides":[
		{"predicate":{"cast": 1}, "model": "item/fishing_rod_cast"},
		{"predicate":{"damaged":1, "damage": 0.25}, "model": "item/fishing_rod_uncast/fishing_rod_uncast_1"},
		{"predicate":{"damaged":1, "damage": 0.5}, "model": "item/fishing_rod_uncast/fishing_rod_uncast_2"},
		{"predicate":{"damaged":1, "damage": 0.9}, "model": "item/fishing_rod_uncast/fishing_rod_uncast_3"},
		{"predicate":{"damaged":1, "damage": 0.25, "cast": 1}, "model": "item/fishing_rod_cast/fishing_rod_cast_1"},
		{"predicate":{"damaged":1, "damage": 0.5, "cast": 1}, "model": "item/fishing_rod_cast/fishing_rod_cast_2"},
		{"predicate":{"damaged":1, "damage": 0.9, "cast": 1}, "model": "item/fishing_rod_cast/fishing_rod_cast_3"}
	]
}