{
    "__createdwith": "opl's Model Creator",
	"parent": "block/cube_all",
    "textures": {
        "note": "block/note_block/note_block_side_3"
    },
    "elements": [
        {
            "from": [2,7,-0.005],
            "to": [14,14,-0.005],
            "faces": {
                "north": {
                    "texture": "#note"
                }
            }
        },
        {
            "from": [2,7,16.005],
            "to": [14,14,16.005],
            "faces": {
                "south": {
                    "texture": "#note"
                }
            }
        },
        {
            "from": [-0.005,7,2],
            "to": [-0.005,14,14],
            "faces": {
                "west": {
                    "texture": "#note"
                }
            }
        },
        {
            "from": [16.005,7,2],
            "to": [16.005,14,14],
            "faces": {
                "east": {
                    "texture": "#note"
                }
            }
        }
    ]
}