{
    "parent": "item/bow",
    "textures": {
        "layer0": "item/bow_pulling_1_damaged"
    },
    "display": {
        "thirdperson_righthand": {
            "rotation": [ 90, -40, 130 ],
            "translation": [ -2, -2, 3 ],
            "scale": [ 1, 1, 1 ]
        },
        "thirdperson_lefthand": {
            "rotation": [ -90, 40, 50 ],
            "translation": [ -2, -2, 3 ],
            "scale": [ 1, 1, 1 ]
        },
        "firstperson_righthand": {
            "rotation": [ -70, -150, -50 ],
            "translation": [ -3, 1, -3 ],
            "scale": [ 1, 1, 1 ]
        },
        "firstperson_lefthand": {
            "rotation": [ -70, 30, 50 ],
            "translation": [ -3, 1, -3 ],
            "scale": [ 1, 1, 1 ]
        }
	}
}