{
	"variants": {
		"facing=north,honey_level=0": { "model": "block/bee_nest_level_0" },
		"facing=south,honey_level=0": { "model": "block/bee_nest_level_0", "y": 180 },
		"facing=west,honey_level=0":  { "model": "block/bee_nest_level_0", "y": 270 },
		"facing=east,honey_level=0":  { "model": "block/bee_nest_level_0", "y": 90 },
		"facing=north,honey_level=1": { "model": "block/bee_nest_level_1" },
		"facing=south,honey_level=1": { "model": "block/bee_nest_level_1", "y": 180 },
		"facing=west,honey_level=1":  { "model": "block/bee_nest_level_1", "y": 270 },
		"facing=east,honey_level=1":  { "model": "block/bee_nest_level_1", "y": 90 },
		"facing=north,honey_level=2": { "model": "block/bee_nest_level_2" },
		"facing=south,honey_level=2": { "model": "block/bee_nest_level_2", "y": 180 },
		"facing=west,honey_level=2":  { "model": "block/bee_nest_level_2", "y": 270 },
		"facing=east,honey_level=2":  { "model": "block/bee_nest_level_2", "y": 90 },
		"facing=north,honey_level=3": { "model": "block/bee_nest_level_3" },
		"facing=south,honey_level=3": { "model": "block/bee_nest_level_3", "y": 180 },
		"facing=west,honey_level=3":  { "model": "block/bee_nest_level_3", "y": 270 },
		"facing=east,honey_level=3":  { "model": "block/bee_nest_level_3", "y": 90 },
		"facing=north,honey_level=4": { "model": "block/bee_nest_level_4" },
		"facing=south,honey_level=4": { "model": "block/bee_nest_level_4", "y": 180 },
		"facing=west,honey_level=4":  { "model": "block/bee_nest_level_4", "y": 270 },
		"facing=east,honey_level=4":  { "model": "block/bee_nest_level_4", "y": 90 },
		"facing=north,honey_level=5": { "model": "block/bee_nest_honey" },
		"facing=south,honey_level=5": { "model": "block/bee_nest_honey", "y": 180 },
		"facing=west,honey_level=5":  { "model": "block/bee_nest_honey", "y": 270 },
		"facing=east,honey_level=5":  { "model": "block/bee_nest_honey", "y": 90 }
	}
}