{
    "variants": {
        "type=bottom": [
							{ "model": "block/brick_slab" },
							{ "model": "block/brick_slab_1" },
							{ "model": "block/brick_slab_2" },
							{ "model": "block/brick_slab_3" }
						],
        "type=top": [
						{ "model": "block/brick_slab_top" },
						{ "model": "block/brick_slab_top_1" },
						{ "model": "block/brick_slab_top_2" },
						{ "model": "block/brick_slab_top_3" }
					],
        "type=double": [
							{ "model": "block/bricks" },
							{ "model": "block/bricks_1" },
							{ "model": "block/bricks_2" },
							{ "model": "block/bricks_3" }
						]
    }
}
