{
	"multipart": [
		{	"apply": [
				{ "model": "block/coarse_dirt", "weight": 197 },
				{ "model": "block/coarse_dirt", "weight": 197, "y": 90 },
				{ "model": "block/coarse_dirt", "weight": 197, "y": 180 },
				{ "model": "block/coarse_dirt", "weight": 197, "y": 270 },
				{ "model": "block/coarse_dirt_1" },
				{ "model": "block/coarse_dirt_1", "y": 90 },
				{ "model": "block/coarse_dirt_1", "y": 180 },
				{ "model": "block/coarse_dirt_1", "y": 270 },
				{ "model": "block/coarse_dirt_2" },
				{ "model": "block/coarse_dirt_2", "y": 90 },
				{ "model": "block/coarse_dirt_2", "y": 180 },
				{ "model": "block/coarse_dirt_2", "y": 270 },
				{ "model": "block/coarse_dirt" },
				{ "model": "block/coarse_dirt", "y": 90 },
				{ "model": "block/coarse_dirt", "y": 180 },
				{ "model": "block/coarse_dirt", "y": 270 }
			]
		},
		{	"apply": [
				{ "model": "block/air", "weight": 9 },
				{ "model": "block/dirt_roots" }
			]
		}
	]
}