{
  "multipart": [
    {
      "apply": {
        "model": "minecraft:block/glass_pane_post"
      }
    },
    {
      "when": {
        "north": "true"
      },
      "apply": [
        {"model": "minecraft:block/glass_pane_side"},
        {"model": "minecraft:block/glass_pane_side_1"},
        {"model": "minecraft:block/glass_pane_side_2"}
	  ]
    },
    {
      "when": {
        "east": "true"
      },
      "apply": [
        {"model": "minecraft:block/glass_pane_side","y": 90},
        {"model": "minecraft:block/glass_pane_side_1","y": 90},
        {"model": "minecraft:block/glass_pane_side_2","y": 90}
	  ]
    },
    {
      "when": {
        "south": "true"
      },
      "apply": [
        {"model": "minecraft:block/glass_pane_side_alt"},
        {"model": "minecraft:block/glass_pane_side_alt_1"},
        {"model": "minecraft:block/glass_pane_side_alt_2"}
      ]
    },
    {
      "when": {
        "west": "true"
      },
      "apply": [
        {"model": "minecraft:block/glass_pane_side_alt","y": 90},
        {"model": "minecraft:block/glass_pane_side_alt_1","y": 90},
        {"model": "minecraft:block/glass_pane_side_alt_2","y": 90}
      ]
    },
    {
      "when": {
        "north": "false"
      },
      "apply": {
        "model": "minecraft:block/glass_pane_noside"
      }
    },
    {
      "when": {
        "east": "false"
      },
      "apply": {
        "model": "minecraft:block/glass_pane_noside_alt"
      }
    },
    {
      "when": {
        "south": "false"
      },
      "apply": {
        "model": "minecraft:block/glass_pane_noside_alt",
        "y": 90
      }
    },
    {
      "when": {
        "west": "false"
      },
      "apply": {
        "model": "minecraft:block/glass_pane_noside",
        "y": 270
      }
    }
  ]
}