{
    "variants": {
        "powered=false,facing=north": { "model": "block/lectern" },
        "powered=false,facing=south": { "model": "block/lectern", "y": 180 },
        "powered=false,facing=west":  { "model": "block/lectern", "y": 270 },
        "powered=false,facing=east":  { "model": "block/lectern", "y": 90 },
        "powered=true,facing=north": { "model": "block/lectern_powered" },
        "powered=true,facing=south": { "model": "block/lectern_powered", "y": 180 },
        "powered=true,facing=west":  { "model": "block/lectern_powered", "y": 270 },
        "powered=true,facing=east":  { "model": "block/lectern_powered", "y": 90 }
    }
}
