{
	"multipart": [
		{	"when": { "snowy": "false" },
			"apply": [
				{ "model": "block/mycelium", "weight": 197 },
				{ "model": "block/mycelium", "weight": 197, "y": 90 },
				{ "model": "block/mycelium", "weight": 197, "y": 180 },
				{ "model": "block/mycelium", "weight": 197, "y": 270 },
				{ "model": "block/mycelium_1" },
				{ "model": "block/mycelium_1", "y": 90 },
				{ "model": "block/mycelium_1", "y": 180 },
				{ "model": "block/mycelium_1", "y": 270 },
				{ "model": "block/mycelium_2" },
				{ "model": "block/mycelium_2", "y": 90 },
				{ "model": "block/mycelium_2", "y": 180 },
				{ "model": "block/mycelium_2", "y": 270 },
				{ "model": "block/mycelium_3" },
				{ "model": "block/mycelium_3", "y": 90 },
				{ "model": "block/mycelium_3", "y": 180 },
				{ "model": "block/mycelium_3", "y": 270 }
			]
		},
		{	"when": { "snowy": "false" },
			"apply": [
				{ "model": "block/air", "weight": 9 },
				{ "model": "block/dirt_roots" }
			]
		},
		{	"when": { "snowy": "true" },
			"apply": [
				{ "model": "block/mycelium_snow" }
			]
		},
		{	"when": { "snowy": "true" },
			"apply": [
				{ "model": "block/air", "weight": 9 },
				{ "model": "block/dirt_roots" }
			]
		}
	]
}