{
    "variants": {
        "": [
            { "model": "block/netherrack", "weight": 149 },
            { "model": "block/netherrack", "x": 90, "weight": 149 },
            { "model": "block/netherrack", "x": 180, "weight": 149 },
            { "model": "block/netherrack", "x": 270, "weight": 149 },
            { "model": "block/netherrack", "y": 90, "weight": 149 },
            { "model": "block/netherrack", "y": 90, "x": 90, "weight": 149 },
            { "model": "block/netherrack", "y": 90, "x": 180, "weight": 149 },
            { "model": "block/netherrack", "y": 90, "x": 270, "weight": 149 },
            { "model": "block/netherrack", "y": 180, "weight": 149 },
            { "model": "block/netherrack", "y": 180, "x": 90, "weight": 149 },
            { "model": "block/netherrack", "y": 180, "x": 180, "weight": 149 },
            { "model": "block/netherrack", "y": 180, "x": 270, "weight": 149 },
            { "model": "block/netherrack", "y": 270, "weight": 149 },
            { "model": "block/netherrack", "y": 270, "x": 90, "weight": 149 },
            { "model": "block/netherrack", "y": 270, "x": 180, "weight": 149 },
            { "model": "block/netherrack", "y": 270, "x": 270, "weight": 149 },
            { "model": "block/netherrack_1" },
            { "model": "block/netherrack_1", "y": 90 },
            { "model": "block/netherrack_1", "y": 180 },
            { "model": "block/netherrack_1", "y": 270 }
        ]
    }
}
