{
	"multipart": [
		{	"when": { "snowy": "false" },
			"apply": [
				{ "model": "block/podzol", "weight": 197 },
				{ "model": "block/podzol", "weight": 197, "y": 90 },
				{ "model": "block/podzol", "weight": 197, "y": 180 },
				{ "model": "block/podzol", "weight": 197, "y": 270 },
				{ "model": "block/podzol_1" },
				{ "model": "block/podzol_1", "y": 90 },
				{ "model": "block/podzol_1", "y": 180 },
				{ "model": "block/podzol_1", "y": 270 },
				{ "model": "block/podzol_2" },
				{ "model": "block/podzol_2", "y": 90 },
				{ "model": "block/podzol_2", "y": 180 },
				{ "model": "block/podzol_2", "y": 270 },
				{ "model": "block/podzol" },
				{ "model": "block/podzol", "y": 90 },
				{ "model": "block/podzol", "y": 180 },
				{ "model": "block/podzol", "y": 270 }
			]
		},
		{	"when": { "snowy": "false" },
			"apply": [
				{ "model": "block/air", "weight": 9 },
				{ "model": "block/dirt_roots" }
			]
		},
		{	"when": { "snowy": "true" },
			"apply": [
				{ "model": "block/grass_block_snow" }
			]
		},
		{	"when": { "snowy": "true" },
			"apply": [
				{ "model": "block/air", "weight": 9 },
				{ "model": "block/dirt_roots" }
			]
		}
	]
}