{
	"multipart": [
		{	"when": { "powered": "false", "shape": "north_south" },
			"apply": { "model": "block/powered_rail" }
		},
		{	"when": { "powered": "false", "shape": "east_west" },
			"apply": { "model": "block/powered_rail", "y": 90 }
		},
		{	"when": { "powered": "false", "shape": "ascending_east" },
			"apply": { "model": "block/powered_rail_raised_ne", "y": 90 }
		},
		{	"when": { "powered": "false", "shape": "ascending_west" },
			"apply": { "model": "block/powered_rail_raised_sw", "y": 90 }
		},
		{	"when": { "powered": "false", "shape": "ascending_north" },
			"apply": { "model": "block/powered_rail_raised_ne" }
		},
		{	"when": { "powered": "false", "shape": "ascending_south" },
			"apply": { "model": "block/powered_rail_raised_sw" }
		},
		{	"when": { "powered": "true", "shape": "north_south" },
			"apply": { "model": "block/powered_rail_on" }
		},
		{	"when": { "powered": "true", "shape": "east_west" },
			"apply": { "model": "block/powered_rail_on", "y": 90 }
		},
		{	"when": { "powered": "true", "shape": "ascending_east" },
			"apply": { "model": "block/powered_rail_on_raised_ne", "y": 90 }
		},
		{	"when": { "powered": "true", "shape": "ascending_west" },
			"apply": { "model": "block/powered_rail_on_raised_sw", "y": 90 }
		},
		{	"when": { "powered": "true", "shape": "ascending_north" },
			"apply": { "model": "block/powered_rail_on_raised_ne" }
		},
		{	"when": { "powered": "true", "shape": "ascending_south" },
			"apply": { "model": "block/powered_rail_on_raised_sw" }
		},
		{	"when": { "shape": "north_south" },
			"apply": { "model": "block/rail_extend" }
		},
		{	"when": { "shape": "east_west" },
			"apply": { "model": "block/rail_extend", "y": 90 }
		}
	]
}