{
	"multipart": [
		{	"when": { "shape": "north_south" },
			"apply": { "model": "block/rail" }
		},
		{	"when": { "shape": "north_south" },
			"apply": { "model": "block/rail_extend" }
		},
		{	"when": { "shape": "east_west" },
			"apply": { "model": "block/rail", "y": 90 }
		},
		{	"when": { "shape": "east_west" },
			"apply": { "model": "block/rail_extend", "y": 90  }
		},
		{	"when": { "shape": "ascending_east" },
			"apply": { "model": "block/rail_raised_ne", "y": 90 }
		},
		{	"when": { "shape": "ascending_west" },
			"apply": { "model": "block/rail_raised_sw", "y": 90 }
		},
		{	"when": { "shape": "ascending_north" },
			"apply": { "model": "block/rail_raised_ne" }
		},
		{	"when": { "shape": "ascending_south" },
			"apply": { "model": "block/rail_raised_sw" }
		},
		{	"when": { "shape": "south_east" },
			"apply": { "model": "block/rail_corner" }
		},
		{	"when": { "shape": "south_east" },
			"apply": { "model": "block/rail_curved_extend" }
		},
		{	"when": { "shape": "south_west" },
			"apply": { "model": "block/rail_corner", "y": 90 }
		},
		{	"when": { "shape": "south_west" },
			"apply": { "model": "block/rail_curved_extend", "y": 90 }
		},
		{	"when": { "shape": "north_west" },
			"apply": { "model": "block/rail_corner", "y": 180 }
		},
		{	"when": { "shape": "north_west" },
			"apply": { "model": "block/rail_curved_extend", "y": 180 }
		},
		{	"when": { "shape": "north_east" },
			"apply": { "model": "block/rail_corner", "y": 270 }
		},
		{	"when": { "shape": "north_east" },
			"apply": { "model": "block/rail_curved_extend", "y": 270 }
		}
	]
}