{
    "multipart": [
		{ 	"apply": { "model": "block/snow_overlay" } 
		},
		{ 	"when": { "layers": 1 },
			"apply": { "model": "block/snow_height2" }
		},
		{ 	"when": { "layers": 2 },
			"apply": { "model": "block/snow_height4" }
		},
		{ 	"when": { "layers": 3 },
			"apply": { "model": "block/snow_height6" }
		},
		{ 	"when": { "layers": 4 },
			"apply": { "model": "block/snow_height8" }
		},
		{ 	"when": { "layers": 5 },
			"apply": { "model": "block/snow_height10" }
		},
		{ 	"when": { "layers": 6 },
			"apply": { "model": "block/snow_height12" }
		},
		{ 	"when": { "layers": 7 },
			"apply": { "model": "block/snow_height14" }
		},
		{ 	"when": { "layers": 8 },
			"apply": { "model": "block/snow_block" }
		}
    ]
}
