{
    "providers": [
        {
            "type": "bitmap",
            "file": "minecraft:food/meat_full.png",
            "ascent": 7,
            "chars": [
                "\uF000"
            ]
        },
        {
            "type": "bitmap",
            "file": "minecraft:food/meat_half.png",
            "ascent": 7,
            "chars": [
                "\uF001"
            ]
        },
        {
            "type": "bitmap",
            "file": "minecraft:food/meat_saturation.png",
            "ascent": 7,
            "chars": [
                "\uF002"
            ]
        },
        {
            "type": "bitmap",
            "file": "minecraft:food/regeneration.png",
            "ascent": 7,
            "chars": [
                "\uF003"
            ]
        },
        {
            "type": "bitmap",
            "file": "minecraft:food/absorption.png",
            "ascent": 7,
            "chars": [
                "\uF004"
            ]
        },
        {
            "type": "bitmap",
            "file": "minecraft:food/resistance.png",
            "ascent": 7,
            "chars": [
                "\uF005"
            ]
        },
        {
            "type": "bitmap",
            "file": "minecraft:food/fire_resistance.png",
            "ascent": 7,
            "chars": [
                "\uF006"
            ]
        },
        {
            "type": "bitmap",
            "file": "minecraft:food/hunger.png",
            "ascent": 7,
            "chars": [
                "\uF007"
            ]
        },
        {
            "type": "bitmap",
            "file": "minecraft:food/nausea.png",
            "ascent": 7,
            "chars": [
                "\uF008"
            ]
        },
        {
            "type": "bitmap",
            "file": "minecraft:food/poison.png",
            "ascent": 7,
            "chars": [
                "\uF009"
            ]
        },
        {
            "type": "bitmap",
            "file": "minecraft:food/ender_pearl.png",
            "ascent": 7,
            "chars": [
                "\uF00A"
            ]
        }
    ]
}
