{
	"credit": "Made with Blockbench",
	"parent": "block/template_orientable_trapdoor_open",
	"textures": {
		"side": "block/acacia_trapdoor_side",
		"particle": "block/acacia_trapdoor"
	},
	"elements": [
		{
			"from": [0, 0, 13],
			"to": [16, 3, 16],
			"faces": {
				"north": {"uv": [16, 3, 0, 0], "texture": "#particle"},
				"east": {"uv": [3, 13, 0, 10], "rotation": 90, "texture": "#side", "cullface": "east"},
				"south": {"uv": [0, 0, 16, 3], "rotation": 180, "texture": "#particle", "cullface": "south"},
				"west": {"uv": [13, 10, 16, 13], "rotation": 90, "texture": "#side", "cullface": "west"},
				"up": {"uv": [16, 16, 0, 13], "texture": "#side"},
				"down": {"uv": [0, 13, 16, 16], "texture": "#side", "cullface": "down"}
			}
		},
		{
			"from": [0, 13, 13],
			"to": [16, 16, 16],
			"faces": {
				"north": {"uv": [16, 16, 0, 13], "texture": "#particle"},
				"east": {"uv": [16, 13, 13, 10], "rotation": 90, "texture": "#side", "cullface": "east"},
				"south": {"uv": [0, 13, 16, 16], "rotation": 180, "texture": "#particle", "cullface": "south"},
				"west": {"uv": [0, 10, 3, 13], "rotation": 90, "texture": "#side", "cullface": "west"},
				"up": {"uv": [16, 16, 0, 13], "texture": "#side", "cullface": "up"},
				"down": {"uv": [0, 13, 16, 16], "texture": "#side"}
			}
		},
		{
			"from": [0, 3, 13],
			"to": [2, 13, 16],
			"faces": {
				"north": {"uv": [2, 3, 0, 13], "texture": "#particle"},
				"east": {"uv": [3, 13, 13, 10], "rotation": 90, "texture": "#side"},
				"south": {"uv": [14, 3, 16, 13], "rotation": 180, "texture": "#particle", "cullface": "south"},
				"west": {"uv": [3, 10, 13, 13], "rotation": 90, "texture": "#side", "cullface": "west"}
			}
		},
		{
			"from": [14, 3, 13],
			"to": [16, 13, 16],
			"faces": {
				"north": {"uv": [16, 3, 14, 13], "texture": "#particle"},
				"east": {"uv": [13, 13, 3, 10], "rotation": 90, "texture": "#side", "cullface": "east"},
				"south": {"uv": [0, 3, 2, 13], "rotation": 180, "texture": "#particle", "cullface": "south"},
				"west": {"uv": [3, 10, 13, 13], "rotation": 90, "texture": "#side"}
			}
		},
		{
			"from": [4, 3, 13],
			"to": [7, 13, 16],
			"faces": {
				"north": {"uv": [7, 3, 4, 13], "texture": "#particle"},
				"east": {"uv": [3, 13, 13, 10], "rotation": 90, "texture": "#side"},
				"south": {"uv": [9, 3, 12, 13], "rotation": 180, "texture": "#particle", "cullface": "south"},
				"west": {"uv": [3, 10, 13, 13], "rotation": 90, "texture": "#side"}
			}
		},
		{
			"from": [9, 3, 13],
			"to": [12, 13, 16],
			"faces": {
				"north": {"uv": [12, 3, 9, 13], "texture": "#particle"},
				"east": {"uv": [3, 13, 13, 10], "rotation": 90, "texture": "#side"},
				"south": {"uv": [4, 3, 7, 13], "rotation": 180, "texture": "#particle", "cullface": "south"},
				"west": {"uv": [3, 10, 13, 13], "rotation": 90, "texture": "#side"}
			}
		}
	],
	"display": {}
}