{
    "__createdwith": "opl's Model Creator",
    "parent": "block/door_bottom_rh",
    "textures": {
        "side": "block/acacia_door_side",
        "particle": "block/acacia_door_bottom"
    },
    "elements": [
        {
            "from": [0,0,0],
            "to": [3,16,3],
            "faces": {
                "down": {
                    "uv": [3.0,13.0,6.0,16.0],
                    "texture": "#side",
                    "cullface": "down"
                },
                "west": {
                    "uv": [16.0,0.0,13.0,16.0],
                    "texture": "#particle",
                    "cullface": "west"
                },
                "east": {
                    "uv": [13.0,0.0,16.0,16.0],
                    "texture": "#particle"
                },
                "north": {
                    "uv": [6.0,0.0,9.0,16.0],
                    "texture": "#side",
                    "cullface": "north"
                },
                "south": {
                    "uv": [6.0,0.0,9.0,16.0],
                    "texture": "#side"
                }
            }
        },
        {
            "from": [0,0,13],
            "to": [3,16,16],
            "faces": {
                "down": {
                    "uv": [3.0,0.0,6.0,3.0],
                    "texture": "#side",
                    "cullface": "down"
                },
                "west": {
                    "uv": [3.0,0.0,0.0,16.0],
                    "texture": "#particle",
                    "cullface": "west"
                },
                "east": {
                    "uv": [0.0,0.0,3.0,16.0],
                    "texture": "#particle"
                },
                "north": {
                    "texture": "#side"
                },
                "south": {
                    "uv": [6.0,0.0,9.0,16.0],
                    "texture": "#side",
                    "cullface": "south"
                }
            }
        },
        {
            "from": [0,3,5],
            "to": [3,15,7],
            "faces": {
                "west": {
                    "uv": [7.0,1.0,5.0,13.0],
                    "texture": "#particle",
                    "cullface": "west"
                },
                "east": {
                    "texture": "#particle"
                },
                "north": {
                    "uv": [3.0,1.0,6.0,13.0],
                    "texture": "#side"
                },
                "south": {
                    "uv": [6.0,1.0,9.0,13.0],
                    "texture": "#side"
                }
            }
        },
        {
            "from": [0,3,9],
            "to": [3,15,11],
            "faces": {
                "west": {
                    "uv": [11.0,1.0,9.0,13.0],
                    "texture": "#particle",
                    "cullface": "west"
                },
                "east": {
                    "texture": "#particle"
                },
                "north": {
                    "uv": [3.0,1.0,6.0,13.0],
                    "texture": "#side"
                },
                "south": {
                    "uv": [6.0,1.0,9.0,13.0],
                    "texture": "#side"
                }
            }
        },
        {
            "from": [0,0,3],
            "to": [3,3,13],
            "faces": {
                "up": {
                    "texture": "#side"
                },
                "down": {
                    "uv": [3.0,3.0,6.0,13.0],
                    "texture": "#side",
                    "cullface": "down"
                },
                "west": {
                    "uv": [13.0,13.0,3.0,16.0],
                    "texture": "#particle",
                    "cullface": "west"
                },
                "east": {
                    "texture": "#particle"
                }
            }
        },
        {
            "from": [0,15,3],
            "to": [3,16,13],
            "faces": {
                "down": {
                    "uv": [3.0,3.0,6.0,13.0],
                    "texture": "#side"
                },
                "west": {
                    "uv": [13.0,0.0,3.0,1.0],
                    "texture": "#particle",
                    "cullface": "west"
                },
                "east": {
                    "texture": "#particle"
                }
            }
        }
    ]
}