{
    "parent": "block/door_top",
    "textures": {
        "particle": "block/acacia_door_top",
		"side": "block/acacia_door_side",
		"side": "block/acacia_door_side"
    },
    "elements": [
        {
            "from": [0,0,0],
            "to": [3,16,3],
            "faces": {
                "up": {
                    "uv": [0,0,3,3],
                    "texture": "#side",
					"cullface": "up"
                },
                "west": {
                    "texture": "#particle",
					"cullface": "west"
                },
                "east": {
                    "uv": [3,0,0,16],
                    "texture": "#particle"
                },
                "north": {
                    "uv": [6,0,9,16],
                    "texture": "#side",
					"cullface": "north"
                },
                "south": {
                    "uv": [3,0,6,16],
                    "texture": "#side"
                }
            }
        },
        {
            "from": [0,0,13],
            "to": [3,16,16],
            "faces": {
                "up": {
                    "uv": [0,13,3,16],
                    "texture": "#side",
					"cullface": "up"
                },
                "west": {
                    "texture": "#particle",
					"cullface": "west"
                },
                "east": {
                    "uv": [16,0,13,16],
                    "texture": "#particle"
                },
                "north": {
                    "uv": [6,0,9,16],
                    "texture": "#side"
                },
                "south": {
                    "uv": [6,0,9,16],
                    "texture": "#side",
					"cullface": "south"
                }
            }
        },
        {
            "from": [0,0,3],
            "to": [3,1,13],
            "faces": {
                "up": {
                    "uv": [0,3,3,13],
                    "texture": "#side"
                },
                "west": {
                    "texture": "#particle",
					"cullface": "west"
                },
                "east": {
                    "uv": [13,15,3,16],
                    "texture": "#particle"
                }
            }
        },
        {
            "from": [0,13,3],
            "to": [3,16,13],
            "faces": {
                "up": {
                    "uv": [0,3,3,13],
                    "texture": "#side",
					"cullface": "up"
                },
                "down": {
                    "uv": [3,3,6,13],
                    "texture": "#side"
                },
                "west": {
                    "texture": "#particle",
					"cullface": "west"
                },
                "east": {
                    "uv": [13,0,3,3],
                    "texture": "#particle"
                }
            }
        },
        {
            "from": [0,1,9],
            "to": [3,13,11],
            "faces": {
                "west": {
                    "texture": "#particle",
					"cullface": "west"
                },
                "east": {
                    "uv": [11,3,9,15],
                    "texture": "#particle"
                },
                "north": {
                    "uv": [6,4,9,15],
                    "texture": "#side"
                },
                "south": {
                    "uv": [3,4,6,15],
                    "texture": "#side"
                }
            }
        },
        {
            "from": [0,1,5],
            "to": [3,13,7],
            "faces": {
                "west": {
                    "texture": "#particle",
					"cullface": "west"
                },
                "east": {
                    "uv": [7,3,5,15],
                    "texture": "#particle"
                },
                "north": {
                    "uv": [6,4,9,15],
                    "texture": "#side"
                },
                "south": {
                    "uv": [3,4,6,15],
                    "texture": "#side"
                }
            }
        }
    ]
}