{
    "__createdwith": "opl's Model Creator",
    "parent": "block/template_orientable_trapdoor_top",
    "textures": {
        "particle": "block/acacia_trapdoor",
        "side": "block/acacia_trapdoor_side"
    },
    "elements": [
        {
            "from": [0,13,13],
            "to": [16,16,16],
            "faces": {
                "up": {
                    "uv": [16,3,0,0],
                    "texture": "#particle", 
					"cullface": "up"
                },
                "down": {
                    "uv": [0,0,16,3],
                    "texture": "#particle"
                },
                "west": {
                    "uv": [13,10,16,13],
                    "texture": "#side", 
					"cullface": "west", 
					"cullface": "west"
                },
                "east": {
                    "uv": [0,10,3,13],
                    "texture": "#side", 
					"cullface": "east"
                },
                "north": {
                    "uv": [0,13,16,16],
                    "texture": "#side"
                },
                "south": {
                    "uv": [0,13,16,16],
                    "texture": "#side", 
					"cullface": "south"
                }
            }
        },
        {
            "from": [0,13,0],
            "to": [16,16,3],
            "faces": {
                "up": {
                    "uv": [16,16,0,13],
                    "texture": "#particle", 
					"cullface": "up"
                },
                "down": {
                    "uv": [0,13,16,16],
                    "texture": "#particle"
                },
                "west": {
                    "uv": [0,10,3,13],
                    "texture": "#side", 
					"cullface": "west"
                },
                "east": {
                    "uv": [13,10,16,13],
                    "texture": "#side", 
					"cullface": "east"
                },
                "north": {
                    "uv": [0,13,16,16],
                    "texture": "#side", 
					"cullface": "north"
                },
                "south": {
                    "uv": [0,13,16,16],
                    "texture": "#side"
                }
            }
        },
        {
            "from": [0,13,3],
            "to": [2,16,13],
            "faces": {
                "up": {
                    "uv": [16,3,14,13],
                    "texture": "#particle", 
					"cullface": "up"
                },
                "down": {
                    "uv": [2,3,0,13],
                    "texture": "#particle"
                },
                "west": {
                    "uv": [3,10,13,13],
                    "texture": "#side", 
					"cullface": "west"
                },
                "east": {
                    "uv": [3,10,13,13],
                    "texture": "#side"
                }
            }
        },
        {
            "from": [14,13,3],
            "to": [16,16,13],
            "faces": {
                "up": {
                    "uv": [2,3,0,13],
                    "texture": "#particle", 
					"cullface": "up"
                },
                "down": {
                    "texture": "#particle"
                },
                "west": {
                    "uv": [3,10,13,13],
                    "texture": "#side"
                },
                "east": {
                    "uv": [3,10,13,13],
                    "texture": "#side", 
					"cullface": "east"
                }
            }
        },
        {
            "from": [4,13,3],
            "to": [7,16,13],
            "faces": {
                "up": {
                    "uv": [12,3,9,13],
                    "texture": "#particle", 
					"cullface": "up"
                },
                "down": {
                    "texture": "#particle"
                },
                "west": {
                    "uv": [3,10,13,13],
                    "texture": "#side"
                },
                "east": {
                    "uv": [3,10,13,13],
                    "texture": "#side"
                }
            }
        },
        {
            "from": [9,13,3],
            "to": [12,16,13],
            "faces": {
                "up": {
                    "uv": [7,3,4,13],
                    "texture": "#particle", 
					"cullface": "up"
                },
                "down": {
                    "texture": "#particle"
                },
                "west": {
                    "uv": [3,10,13,13],
                    "texture": "#side"
                },
                "east": {
                    "uv": [3,10,13,13],
                    "texture": "#side"
                }
            }
        }
    ]
}