{
    "__createdwith": "opl's Model Creator",
    "parent": "block/block",
    "textures": {
        "side": "block/bee_nest_side",
        "top": "block/bee_nest_top",
        "bottom": "block/bee_nest_bottom",
        "honey": "#honey",
        "particle": "block/bee_nest_side",
        "front": "#front",
        "inside": "#inside",
        "inside_front": "#inside_front"
    },
    "elements": [
        {
            "from": [0,0,0],
            "to": [16,1,16],
            "faces": {
                "up": {
                    "texture": "#inside",
                    "cullface": "north"
                },
                "down": {
                    "texture": "#bottom",
                    "cullface": "down"
                },
                "west": {
                    "texture": "#side",
                    "cullface": "west"
                },
                "east": {
                    "texture": "#side",
                    "cullface": "east"
                },
                "north": {
                    "texture": "#front",
                    "cullface": "north"
                },
                "south": {
                    "texture": "#side",
                    "cullface": "south"
                }
            }
        },
        {
            "from": [14,1,0],
            "to": [16,15,1],
            "faces": {
                "west": {
                    "uv": [1.0,1.0,2.0,15.0],
                    "texture": "#front",
                    "cullface": "north"
                },
                "north": {
                    "uv": [0.0,1.0,2.0,15.0],
                    "texture": "#front",
                    "cullface": "north"
                },
                "south": {
                    "texture": "#inside_front",
                    "cullface": "north"
                }
            }
        },
        {
            "from": [5,1,0],
            "to": [11,15,1],
            "faces": {
                "west": {
                    "uv": [10.0,1.0,11.0,15.0],
                    "texture": "#front",
                    "cullface": "north"
                },
                "east": {
                    "uv": [5.0,1.0,6.0,15.0],
                    "texture": "#front",
                    "cullface": "north"
                },
                "north": {
                    "texture": "#front",
                    "cullface": "north"
                },
                "south": {
                    "texture": "#inside_front",
                    "cullface": "north"
                }
            }
        },
        {
            "from": [11,4,0],
            "to": [14,15,1],
            "faces": {
                "down": {
                    "uv": [2.0,11.0,5.0,12.0],
                    "texture": "#front",
                    "cullface": "north"
                },
                "north": {
                    "uv": [2.0,1.0,5.0,12.0],
                    "texture": "#front",
                    "cullface": "north"
                },
                "south": {
                    "texture": "#inside_front",
                    "cullface": "north"
                }
            }
        },
        {
            "from": [2,1,0],
            "to": [5,9,1],
            "faces": {
                "up": {
                    "uv": [11.0,7.0,14.0,8.0],
                    "texture": "#front",
                    "cullface": "north"
                },
                "north": {
                    "uv": [11.0,7.0,14.0,15.0],
                    "texture": "#front",
                    "cullface": "north"
                },
                "south": {
                    "texture": "#inside_front",
                    "cullface": "north"
                }
            }
        },
        {
            "from": [0,12,0],
            "to": [5,15,1],
            "faces": {
                "down": {
                    "uv": [11.0,3.0,16.0,4.0],
                    "texture": "#front",
                    "cullface": "north"
                },
                "north": {
                    "uv": [11.0,1.0,16.0,4.0],
                    "texture": "#front",
                    "cullface": "north"
                },
                "south": {
                    "texture": "#inside_front",
                    "cullface": "north"
                }
            }
        },
        {
            "from": [0,1,0],
            "to": [2,12,1],
            "faces": {
                "east": {
                    "uv": [13.0,4.0,14.0,15.0],
                    "texture": "#front",
                    "cullface": "north"
                },
                "north": {
                    "uv": [14.0,4.0,16.0,15.0],
                    "texture": "#front",
                    "cullface": "north"
                },
                "south": {
                    "texture": "#inside_front",
                    "cullface": "north"
                }
            }
        },
        {
            "from": [15,1,0],
            "to": [16,15,16],
            "faces": {
                "west": {
                    "texture": "#inside",
                    "cullface": "north"
                },
                "east": {
                    "texture": "#side",
                    "cullface": "east"
                }
            }
        },
        {
            "from": [0,1,0],
            "to": [1,15,16],
            "faces": {
                "west": {
                    "texture": "#side",
                    "cullface": "west"
                },
                "east": {
                    "texture": "#inside",
                    "cullface": "north"
                }
            }
        },
        {
            "from": [0,1,15],
            "to": [16,15,16],
            "faces": {
                "north": {
                    "texture": "#inside",
                    "cullface": "north"
                },
                "south": {
                    "texture": "#side",
                    "cullface": "south"
                }
            }
        },
        {
            "from": [0,15,0],
            "to": [16,16,16],
            "faces": {
                "up": {
                    "texture": "#top",
                    "cullface": "up"
                },
                "down": {
                    "texture": "#inside",
                    "cullface": "north"
                },
                "west": {
                    "texture": "#side",
                    "cullface": "west"
                },
                "east": {
                    "texture": "#side",
                    "cullface": "east"
                },
                "north": {
                    "texture": "#front",
                    "cullface": "north"
                },
                "south": {
                    "texture": "#side",
                    "cullface": "south"
                }
            }
        }
    ]
}