{
	"credit": "Made with Blockbench",
	"textures": {
		"particle": "block/bee_nest_side",
		"side": "block/bee_nest_side",
		"top": "block/bee_nest_top",
		"bottom": "block/bee_nest_bottom",
		"honey": "block/bee_nest_front_honey",
		"inside": "block/bee_nest_in_honey_4",
		"inside_front": "block/bee_nest_in_front_honey_4"
	},
	"elements": [
		{
			"from": [0, 0, 0],
			"to": [16, 1, 16],
			"faces": {
				"north": {"uv": [0, 15, 16, 16], "texture": "#honey", "cullface": "north"},
				"east": {"uv": [0, 15, 16, 16], "texture": "#side", "cullface": "east"},
				"south": {"uv": [0, 15, 16, 16], "texture": "#side", "cullface": "south"},
				"west": {"uv": [0, 15, 16, 16], "texture": "#side", "cullface": "west"},
				"up": {"uv": [0, 0, 16, 16], "texture": "#inside", "cullface": "north"},
				"down": {"uv": [0, 0, 16, 16], "texture": "#bottom", "cullface": "down"}
			}
		},
		{
			"from": [14, 1, 0],
			"to": [16, 15, 1],
			"faces": {
				"north": {"uv": [0, 1, 2, 15], "texture": "#honey", "cullface": "north"},
				"south": {"uv": [14, 1, 16, 15], "texture": "#inside_front", "cullface": "north"},
				"west": {"uv": [1, 1, 2, 15], "texture": "#side", "cullface": "north"}
			}
		},
		{
			"from": [5, 1, 0],
			"to": [11, 15, 1],
			"faces": {
				"north": {"uv": [5, 1, 11, 15], "texture": "#honey", "cullface": "north"},
				"east": {"uv": [5, 1, 6, 15], "texture": "#side", "cullface": "north"},
				"south": {"uv": [5, 1, 11, 15], "texture": "#inside_front", "cullface": "north"},
				"west": {"uv": [10, 1, 11, 15], "texture": "#side", "cullface": "north"}
			}
		},
		{
			"from": [11, 4, 0],
			"to": [14, 15, 1],
			"faces": {
				"north": {"uv": [2, 1, 5, 12], "texture": "#honey", "cullface": "north"},
				"south": {"uv": [11, 1, 14, 12], "texture": "#inside_front", "cullface": "north"},
				"down": {"uv": [2, 11, 5, 12], "texture": "#honey", "cullface": "north"}
			}
		},
		{
			"from": [2, 1, 0],
			"to": [5, 9, 1],
			"faces": {
				"north": {"uv": [11, 7, 14, 15], "texture": "#honey", "cullface": "north"},
				"south": {"uv": [2, 7, 5, 15], "texture": "#inside_front", "cullface": "north"},
				"up": {"uv": [11, 7, 14, 8], "texture": "#honey", "cullface": "north"}
			}
		},
		{
			"from": [0, 12, 0],
			"to": [5, 15, 1],
			"faces": {
				"north": {"uv": [11, 1, 16, 4], "texture": "#honey", "cullface": "north"},
				"south": {"uv": [0, 1, 5, 4], "texture": "#inside_front", "cullface": "north"},
				"down": {"uv": [11, 3, 16, 4], "texture": "#side", "cullface": "north"}
			}
		},
		{
			"from": [0, 1, 0],
			"to": [2, 12, 1],
			"faces": {
				"north": {"uv": [14, 4, 16, 15], "texture": "#honey", "cullface": "north"},
				"east": {"uv": [13, 4, 14, 15], "texture": "#honey", "cullface": "north"},
				"south": {"uv": [0, 4, 2, 15], "texture": "#inside_front", "cullface": "north"}
			}
		},
		{
			"from": [15, 1, 0],
			"to": [16, 15, 16],
			"faces": {
				"east": {"uv": [0, 1, 16, 15], "texture": "#side", "cullface": "east"},
				"west": {"uv": [0, 1, 16, 15], "texture": "#inside", "cullface": "north"}
			}
		},
		{
			"from": [0, 1, 0],
			"to": [1, 15, 16],
			"faces": {
				"east": {"uv": [0, 1, 16, 15], "texture": "#inside", "cullface": "north"},
				"west": {"uv": [0, 1, 16, 15], "texture": "#side", "cullface": "west"}
			}
		},
		{
			"from": [0, 1, 15],
			"to": [16, 15, 16],
			"faces": {
				"north": {"uv": [0, 1, 16, 15], "texture": "#inside", "cullface": "north"},
				"south": {"uv": [0, 1, 16, 15], "texture": "#side", "cullface": "south"}
			}
		},
		{
			"from": [0, 15, 0],
			"to": [16, 16, 16],
			"faces": {
				"north": {"uv": [0, 0, 16, 1], "texture": "#honey", "cullface": "north"},
				"east": {"uv": [0, 0, 16, 1], "texture": "#side", "cullface": "east"},
				"south": {"uv": [0, 0, 16, 1], "texture": "#side", "cullface": "south"},
				"west": {"uv": [0, 0, 16, 1], "texture": "#side", "cullface": "west"},
				"up": {"uv": [0, 0, 16, 16], "texture": "#top", "cullface": "up"},
				"down": {"uv": [0, 0, 16, 16], "texture": "#inside", "cullface": "north"}
			}
		},
		{
			"from": [2, 9, 0],
			"to": [5, 10, 1],
			"faces": {
				"north": {"uv": [11, 4, 14, 5], "texture": "#honey", "cullface": "north"},
				"south": {"uv": [11, 6, 14, 7], "texture": "#honey", "cullface": "north"},
				"up": {"uv": [11, 5, 14, 6], "texture": "#side", "cullface": "north"}
			}
		},
		{
			"from": [10, 1, 6],
			"to": [13, 2, 9],
			"faces": {
				"north": {"uv": [2, 12, 5, 13], "texture": "#honey", "cullface": "north"},
				"east": {"uv": [0, 0, 1, 1], "texture": "#honey", "cullface": "north"},
				"south": {"uv": [0, 0, 1, 1], "texture": "#honey", "cullface": "north"},
				"west": {"uv": [0, 0, 1, 1], "texture": "#honey", "cullface": "north"},
				"up": {"uv": [2, 12, 5, 15], "texture": "#honey", "cullface": "north"}
			}
		},
		{
			"from": [11, 1, 0],
			"to": [14, 2, 3],
			"faces": {
				"north": {"uv": [2, 12, 5, 13], "texture": "#honey", "cullface": "north"},
				"east": {"uv": [0, 0, 1, 1], "texture": "#honey", "cullface": "north"},
				"south": {"uv": [0, 0, 1, 1], "texture": "#honey", "cullface": "north"},
				"west": {"uv": [0, 0, 1, 1], "texture": "#honey", "cullface": "north"},
				"up": {"uv": [2, 12, 5, 15], "texture": "#honey", "cullface": "north"}
			}
		},
		{
			"from": [4, 1, 10],
			"to": [7, 2, 13],
			"faces": {
				"north": {"uv": [2, 12, 5, 13], "texture": "#honey", "cullface": "north"},
				"east": {"uv": [2, 14, 5, 15], "texture": "#honey", "cullface": "north"},
				"south": {"uv": [0, 0, 1, 1], "texture": "#honey", "cullface": "north"},
				"west": {"uv": [2, 14, 5, 15], "texture": "#honey", "cullface": "north"},
				"up": {"uv": [2, 12, 5, 15], "texture": "#honey", "cullface": "north"}
			}
		},
		{
			"from": [3, 1, 5],
			"to": [6, 2, 8],
			"faces": {
				"north": {"uv": [2, 12, 5, 13], "texture": "#honey", "cullface": "north"},
				"east": {"uv": [2, 14, 5, 15], "texture": "#honey", "cullface": "north"},
				"south": {"uv": [0, 0, 1, 1], "texture": "#honey", "cullface": "north"},
				"west": {"uv": [2, 14, 5, 15], "texture": "#honey", "cullface": "north"},
				"up": {"uv": [2, 12, 5, 15], "texture": "#honey", "cullface": "north"}
			}
		}
	]
}