{
	"parent": "block/cube_column",
	"textures": {
		"particle": "block/oak_planks",
		"end": "#end",
		"side": "#side",
		"border": "#border"
	},
	"elements": [
		{ 	"from": [ 0, 0, 0 ], 
			"to": [ 16, 16, 16 ],
			"faces": {
				"down": { 
					"uv": [ 0, 0, 16, 16 ],
					"texture": "#end",
					"cullface": "down"
				},
				"up": { 
					"uv": [ 0, 0, 16, 16 ],
					"texture": "#end",
					"cullface": "up"
				},  
				"north": { 
					"uv": [ 0, 0, 16, 16 ],
					"texture": "#side",
					"cullface": "north"
				},
				"south": { 
					"uv": [ 0, 0, 16, 16 ],
					"texture": "#side",
					"cullface": "south"
				},
				"west": {
					"uv": [ 0, 0, 16, 16 ],
					"texture": "#side",
					"cullface": "west"
				},
				"east": { 
					"uv": [ 0, 0, 16, 16 ], 
					"texture": "#side", 
					"cullface": "east"
				}
			}
		},
		{
			"from": [ 0, 0, -0.005 ], 
			"to": [ 1, 16, -0.005 ],
			"faces": {
				"north": {
					"texture": "#border",
					"cullface": "west",
					"uv": [ 15, 0, 16, 16] 
				}
			}
		},
		{
			"from": [ 15, 0, -0.005 ], 
			"to": [ 16, 16, -0.005 ],
			"faces": {
				"north": {
					"texture": "#border",
					"cullface": "east",
					"uv": [ 0, 0, 1, 16] 
				}
			}
		},
		{
			"from": [ 0, 0, 16.005 ],
			"to": [ 1, 16, 16.005 ],
			"faces": {
				"south": { 
					"texture": "#border",
					"cullface": "west",
					"uv": [ 0, 0, 1, 16] 
				}
			}
		},
		{
			"from": [ 15, 0, 16.005 ],
			"to": [ 16, 16, 16.005 ],
			"faces": {
				"south": {
					"texture": "#border",
					"cullface": "east",
					"uv": [ 15, 0, 16, 16]
				}
			}
		},
		{
			"from": [ -0.005, 0, 0 ],
			"to": [ -0.005, 16, 1 ],
			"faces": {
				"west": { 
					"texture": "#border",
					"cullface": "north",
					"uv": [ 0, 0, 1, 16]
				}
			}
		},
		{
			"from": [ -0.005, 0, 15 ],
			"to": [ -0.005, 16, 16 ],
			"faces": {
				"west": {
					"texture": "#border",
					"cullface": "south",
					"uv": [ 15, 0, 16, 16]
				}
			}
		},
		{
			"from": [ 16.005, 0, 0 ],
			"to": [ 16.005, 16, 1 ],
			"faces": {
				"east": { 
					"texture": "#border",
					"cullface": "north",
					"uv": [ 15, 0, 16, 16]
				}
			}
		},
		{
			"from": [ 16.005, 0, 15 ],
			"to": [ 16.005, 16, 16 ],
			"faces": {
				"east": {
					"texture": "#border",
					"cullface": "south",
					"uv": [ 0, 0, 1, 16]
				}
			}
		}
	]
}