{
    "__createdwith": "opl's Model Creator",
    "parent": "block/cactus",
    "textures": {
        "particle": "block/cactus_side",
        "arm": "block/cactus_arm"
    },
    "elements": [
        {
            "from": [5,4,15],
            "to": [11,10,18],
            "faces": {
                "up": {
                    "uv": [8,2,14,6],
                    "texture": "#arm"
                },
                "down": {
                    "uv": [8,2,14,6],
                    "texture": "#arm"
                },
                "west": {
                    "uv": [8,2,14,6],
                    "texture": "#arm",
                    "rotation": 90
                },
                "east": {
                    "uv": [8,2,14,6],
                    "texture": "#arm",
                    "rotation": 90
                }
            }
        },
        {
            "from": [4,4,18],
            "to": [12,14,18],
            "faces": {
                "north": {
                    "uv": [7,6,15,16],
                    "texture": "#arm"
                }
            }
        },
        {
            "from": [4.999,4,17],
            "to": [4.999,14,25],
            "faces": {
                "west": {
                    "uv": [7,6,15,16],
                    "texture": "#arm"
                },
                "north": {
                    "uv": [1,0,15,12],
                    "texture": "#arm"
                }
            }
        },
        {
            "from": [11.001,4,17],
            "to": [11.001,14,25],
            "faces": {
                "east": {
                    "uv": [7,6,15,16],
                    "texture": "#arm"
                },
                "north": {
                    "uv": [1,0,15,12],
                    "texture": "#arm"
                }
            }
        },
        {
            "from": [4,4,24],
            "to": [12,14,24],
            "faces": {
                "south": {
                    "uv": [7,6,15,16],
                    "texture": "#arm"
                }
            }
        },
        {
            "from": [5,4,18],
            "to": [11,4,24],
            "faces": {
                "down": {
                    "uv": [0,0,6,6],
                    "texture": "#arm"
                }
            }
        },
        {
            "from": [5,14,18],
            "to": [11,14,24],
            "faces": {
                "up": {
                    "uv": [0,0,6,6],
                    "texture": "#arm"
                }
            }
        },
        {
            "from": [5,1,-3],
            "to": [11,7,1],
            "faces": {
                "up": {
                    "uv": [8,2,14,6],
                    "texture": "#arm"
                },
                "down": {
                    "uv": [8,2,14,6],
                    "texture": "#arm"
                },
                "west": {
                    "uv": [8,2,14,6],
                    "texture": "#arm",
                    "rotation": 90
                },
                "east": {
                    "uv": [8,2,14,6],
                    "texture": "#arm",
                    "rotation": 90
                }
            }
        },
        {
            "from": [4.999,1,-10],
            "to": [4.999,15,-2],
            "faces": {
                "west": {
                    "uv": [7,2,15,16],
                    "texture": "#arm"
                },
                "north": {
                    "uv": [1,0,15,12],
                    "texture": "#arm"
                }
            }
        },
        {
            "from": [4,1,-3],
            "to": [12,15,-3],
            "faces": {
                "south": {
                    "uv": [7,2,15,16],
                    "texture": "#arm"
                }
            }
        },
        {
            "from": [5,1,-9],
            "to": [11,1,-3],
            "faces": {
                "down": {
                    "uv": [0,0,6,6],
                    "texture": "#arm"
                }
            }
        },
        {
            "from": [11.001,1,-10],
            "to": [11.001,15,-2],
            "faces": {
                "east": {
                    "uv": [7,2,15,16],
                    "texture": "#arm"
                },
                "north": {
                    "uv": [1,0,15,12],
                    "texture": "#arm"
                }
            }
        },
        {
            "from": [4,1,-9],
            "to": [12,15,-9],
            "faces": {
                "north": {
                    "uv": [7,2,15,16],
                    "texture": "#arm"
                }
            }
        },
        {
            "from": [5,15,-9],
            "to": [11,15,-3],
            "faces": {
                "up": {
                    "uv": [0,0,6,6],
                    "texture": "#arm"
                }
            }
        }
    ]
}