{
    "__createdwith": "opl's Model Creator",
    "parent": "block/template_orientable_trapdoor_open",
    "textures": {
        "side": "block/crimson_trapdoor_side",
        "particle": "block/crimson_trapdoor"
    },
    "elements": [
        {
            "from": [0,13,13],
            "to": [16,16,16],
            "faces": {
                "up": {
                    "uv": [0,13,16,16],
                    "texture": "#side",
                    "cullface": "up"
                },
                "down": {
                    "uv": [0,13,16,16],
                    "texture": "#side",
                    "rotation": 180
                },
                "west": {
                    "uv": [3,10,0,13],
                    "texture": "#side",
                    "cullface": "west",
                    "rotation": 270
                },
                "east": {
                    "uv": [0,10,3,13],
                    "texture": "#side",
                    "cullface": "east",
                    "rotation": 90
                },
                "north": {
                    "uv": [0,13,16,16],
                    "texture": "#particle",
                    "rotation": 180
                },
                "south": {
                    "uv": [0,16,16,13],
                    "texture": "#particle",
                    "cullface": "south"
                }
            }
        },
        {
            "from": [0,9,13],
            "to": [16,12,16],
            "faces": {
                "up": {
                    "uv": [0,13,16,16],
                    "texture": "#side"
                },
                "down": {
                    "uv": [0,13,16,16],
                    "texture": "#side",
                    "rotation": 180
                },
                "west": {
                    "uv": [7,10,4,13],
                    "texture": "#side",
                    "cullface": "west",
                    "rotation": 270
                },
                "east": {
                    "uv": [4,10,7,13],
                    "texture": "#side",
                    "cullface": "east",
                    "rotation": 90
                },
                "north": {
                    "uv": [0,9,16,12],
                    "texture": "#particle",
                    "rotation": 180
                },
                "south": {
                    "uv": [0,12,16,9],
                    "texture": "#particle",
                    "cullface": "south"
                }
            }
        },
        {
            "from": [0,4,13],
            "to": [16,7,16],
            "faces": {
                "up": {
                    "uv": [0,13,16,16],
                    "texture": "#side"
                },
                "down": {
                    "uv": [0,13,16,16],
                    "texture": "#side",
                    "rotation": 180
                },
                "west": {
                    "uv": [12,10,9,13],
                    "texture": "#side",
                    "cullface": "west",
                    "rotation": 270
                },
                "east": {
                    "uv": [9,10,12,13],
                    "texture": "#side",
                    "cullface": "east",
                    "rotation": 90
                },
                "north": {
                    "uv": [0,4,16,7],
                    "texture": "#particle",
                    "rotation": 180
                },
                "south": {
                    "uv": [0,7,16,4],
                    "texture": "#particle",
                    "cullface": "south"
                }
            }
        },
        {
            "from": [0,0,13],
            "to": [16,3,16],
            "faces": {
                "up": {
                    "uv": [0,13,16,16],
                    "texture": "#side"
                },
                "down": {
                    "uv": [0,13,16,16],
                    "texture": "#side",
                    "cullface": "down",
                    "rotation": 180
                },
                "west": {
                    "uv": [16,10,13,13],
                    "texture": "#side",
                    "cullface": "west",
                    "rotation": 270
                },
                "east": {
                    "uv": [13,10,16,13],
                    "texture": "#side",
                    "cullface": "east",
                    "rotation": 90
                },
                "north": {
                    "uv": [0,0,16,3],
                    "texture": "#particle",
                    "rotation": 180
                },
                "south": {
                    "uv": [0,3,16,0],
                    "texture": "#particle",
                    "cullface": "south"
                }
            }
        },
        {
            "from": [0,12,13],
            "to": [3,13,16],
            "faces": {
                "west": {
                    "uv": [3,10,4,13],
                    "texture": "#side",
                    "cullface": "west",
                    "rotation": 270
                },
                "east": {
                    "uv": [3,10,4,13],
                    "texture": "#side",
                    "rotation": 90
                },
                "north": {
                    "uv": [0,12,3,13],
                    "texture": "#particle",
                    "rotation": 180
                },
                "south": {
                    "uv": [0,13,3,12],
                    "texture": "#particle",
                    "cullface": "south"
                }
            }
        },
        {
            "from": [0,7,13],
            "to": [3,9,16],
            "faces": {
                "west": {
                    "uv": [7,10,9,13],
                    "texture": "#side",
                    "cullface": "west",
                    "rotation": 270
                },
                "east": {
                    "uv": [7,10,9,13],
                    "texture": "#side",
                    "rotation": 90
                },
                "north": {
                    "texture": "#particle",
                    "rotation": 180
                },
                "south": {
                    "uv": [0,9,3,7],
                    "texture": "#particle",
                    "cullface": "south"
                }
            }
        },
        {
            "from": [13,7,13],
            "to": [16,9,16],
            "faces": {
                "west": {
                    "uv": [7,10,9,13],
                    "texture": "#side",
                    "rotation": 270
                },
                "east": {
                    "uv": [7,10,9,13],
                    "texture": "#side",
                    "cullface": "east",
                    "rotation": 90
                },
                "north": {
                    "texture": "#particle",
                    "rotation": 180
                },
                "south": {
                    "uv": [13,9,16,7],
                    "texture": "#particle",
                    "cullface": "south"
                }
            }
        },
        {
            "from": [13,12,13],
            "to": [16,13,16],
            "faces": {
                "west": {
                    "uv": [3,10,4,13],
                    "texture": "#side",
                    "rotation": 270
                },
                "east": {
                    "uv": [3,10,4,13],
                    "texture": "#side",
                    "cullface": "east",
                    "rotation": 90
                },
                "north": {
                    "uv": [13,12,16,13],
                    "texture": "#particle",
                    "rotation": 180
                },
                "south": {
                    "uv": [13,13,16,12],
                    "texture": "#particle",
                    "cullface": "south"
                }
            }
        },
        {
            "from": [0,3,13],
            "to": [3,4,16],
            "faces": {
                "west": {
                    "uv": [12,10,13,13],
                    "texture": "#side",
                    "cullface": "west",
                    "rotation": 270
                },
                "east": {
                    "uv": [12,10,13,13],
                    "texture": "#side",
                    "rotation": 90
                },
                "north": {
                    "uv": [0,3,3,4],
                    "texture": "#particle",
                    "rotation": 180
                },
                "south": {
                    "uv": [0,4,3,3],
                    "texture": "#particle",
                    "cullface": "south"
                }
            }
        },
        {
            "from": [13,3,13],
            "to": [16,4,16],
            "faces": {
                "west": {
                    "uv": [12,10,13,13],
                    "texture": "#side",
                    "rotation": 270
                },
                "east": {
                    "uv": [12,10,13,13],
                    "texture": "#side",
                    "cullface": "east",
                    "rotation": 90
                },
                "north": {
                    "uv": [13,3,16,4],
                    "texture": "#particle",
                    "rotation": 180
                },
                "south": {
                    "uv": [13,4,16,3],
                    "texture": "#particle",
                    "cullface": "south"
                }
            }
        }
    ]
}