{
    "__createdwith": "opl's Model Creator",
    "parent": "block/template_orientable_trapdoor_top",
    "textures": {
        "side": "block/crimson_trapdoor_side",
        "particle": "block/crimson_trapdoor"
    },
    "elements": [
        {
            "from": [0,0,13],
            "to": [16,3,16],
            "faces": {
                "up": {
                    "texture": "#particle"
                },
                "down": {
                    "uv": [0,16,16,13],
                    "texture": "#particle",
                    "cullface": "down"
                },
                "west": {
                    "uv": [3.0,10.0,0.0,13.0],
                    "texture": "#side",
                    "cullface": "west"
                },
                "east": {
                    "uv": [0.0,10.0,3.0,13.0],
                    "texture": "#side",
                    "cullface": "east"
                },
                "north": {
                    "texture": "#side"
                },
                "south": {
                    "texture": "#side",
                    "cullface": "south"
                }
            }
        },
        {
            "from": [0,0,9],
            "to": [16,3,12],
            "faces": {
                "up": {
                    "texture": "#particle"
                },
                "down": {
                    "uv": [0,12,16,9],
                    "texture": "#particle",
                    "cullface": "down"
                },
                "west": {
                    "uv": [7.0,10.0,4.0,13.0],
                    "texture": "#side",
                    "cullface": "west"
                },
                "east": {
                    "uv": [4.0,10.0,7.0,13.0],
                    "texture": "#side",
                    "cullface": "east"
                },
                "north": {
                    "texture": "#side"
                },
                "south": {
                    "texture": "#side"
                }
            }
        },
        {
            "from": [0,0,4],
            "to": [16,3,7],
            "faces": {
                "up": {
                    "texture": "#particle"
                },
                "down": {
                    "uv": [0,7,16,4],
                    "texture": "#particle",
                    "cullface": "down"
                },
                "west": {
                    "uv": [12.0,10.0,9.0,13.0],
                    "texture": "#side",
                    "cullface": "west"
                },
                "east": {
                    "uv": [9.0,10.0,12.0,13.0],
                    "texture": "#side",
                    "cullface": "east"
                },
                "north": {
                    "texture": "#side"
                },
                "south": {
                    "texture": "#side"
                }
            }
        },
        {
            "from": [0,0,0],
            "to": [16,3,3],
            "faces": {
                "up": {
                    "texture": "#particle"
                },
                "down": {
                    "uv": [0,3,16,0],
                    "texture": "#particle",
                    "cullface": "down"
                },
                "west": {
                    "uv": [16.0,10.0,13.0,13.0],
                    "texture": "#side",
                    "cullface": "west"
                },
                "east": {
                    "uv": [13.0,10.0,16.0,13.0],
                    "texture": "#side",
                    "cullface": "east"
                },
                "north": {
                    "texture": "#side",
                    "cullface": "north"
                },
                "south": {
                    "texture": "#side"
                }
            }
        },
        {
            "from": [0,0,12],
            "to": [3,3,13],
            "faces": {
                "up": {
                    "texture": "#particle"
                },
                "down": {
                    "uv": [0,13,3,12],
                    "texture": "#particle",
                    "cullface": "down"
                },
                "west": {
                    "uv": [3.0,10.0,4.0,13.0],
                    "texture": "#side",
                    "cullface": "west"
                },
                "east": {
                    "uv": [3.0,10.0,4.0,13.0],
                    "texture": "#side"
                }
            }
        },
        {
            "from": [0,0,7],
            "to": [3,3,9],
            "faces": {
                "up": {
                    "texture": "#particle"
                },
                "down": {
                    "uv": [0,9,3,7],
                    "texture": "#particle",
                    "cullface": "down"
                },
                "west": {
                    "uv": [7.0,10.0,9.0,13.0],
                    "texture": "#side",
                    "cullface": "west"
                },
                "east": {
                    "uv": [7.0,10.0,9.0,13.0],
                    "texture": "#side"
                }
            }
        },
        {
            "from": [13,0,7],
            "to": [16,3,9],
            "faces": {
                "up": {
                    "texture": "#particle"
                },
                "down": {
                    "uv": [13,9,16,7],
                    "texture": "#particle",
                    "cullface": "down"
                },
                "west": {
                    "uv": [7.0,10.0,9.0,13.0],
                    "texture": "#side"
                },
                "east": {
                    "uv": [7.0,10.0,9.0,13.0],
                    "texture": "#side",
                    "cullface": "east"
                }
            }
        },
        {
            "from": [13,0,12],
            "to": [16,3,13],
            "faces": {
                "up": {
                    "texture": "#particle"
                },
                "down": {
                    "uv": [13,13,16,12],
                    "texture": "#particle",
                    "cullface": "down"
                },
                "west": {
                    "uv": [3.0,10.0,4.0,13.0],
                    "texture": "#side"
                },
                "east": {
                    "uv": [3.0,10.0,4.0,13.0],
                    "texture": "#side",
                    "cullface": "east"
                }
            }
        },
        {
            "from": [0,0,3],
            "to": [3,3,4],
            "faces": {
                "up": {
                    "texture": "#particle"
                },
                "down": {
                    "uv": [0,4,3,3],
                    "texture": "#particle",
                    "cullface": "down"
                },
                "west": {
                    "uv": [12.0,10.0,13.0,13.0],
                    "texture": "#side",
                    "cullface": "west"
                },
                "east": {
                    "uv": [12.0,10.0,13.0,13.0],
                    "texture": "#side"
                }
            }
        },
        {
            "from": [13,0,3],
            "to": [16,3,4],
            "faces": {
                "up": {
                    "texture": "#particle"
                },
                "down": {
                    "uv": [13,4,16,3],
                    "texture": "#particle",
                    "cullface": "down"
                },
                "west": {
                    "uv": [12.0,10.0,13.0,13.0],
                    "texture": "#side"
                },
                "east": {
                    "uv": [12.0,10.0,13.0,13.0],
                    "texture": "#side",
                    "cullface": "east"
                }
            }
        }
    ]
}