{
    "textures": {
        "particle": "#cross"
    },
    "elements": [
        {   "from": [ 0, -16, 8 ],
            "to": [ 16, 0, 8 ],
            "rotation": { "origin": [ 8, 8, 8 ], "axis": "y", "angle": -45 },
            "shade": false,
            "faces": {
                "north": { "uv": [ 16, 0, 0, 16 ], "texture": "#cross", "cullface": "down" },
                "south": { "uv": [ 0, 0, 16, 16 ], "texture": "#cross", "cullface": "down" }
            }
        },
        {   "from": [ 8, -16, 0 ],
            "to": [ 8, 0, 16 ],
            "rotation": { "origin": [ 8, 8, 8 ], "axis": "y", "angle": -45 },
            "shade": false,
            "faces": {
                "west": { "uv": [ 0, 0, 16, 16 ], "texture": "#cross", "cullface": "down" },
                "east": { "uv": [ 16, 0, 0, 16 ], "texture": "#cross", "cullface": "down" }
            }
        }
    ]
}
