{
	"parent": "block/leaves",
	"textures": {
		"particle": "block/dark_oak_leaves",
		"side": "block/dark_oak_leaves_apple_1",
		"fruit": "block/leaves_apple_dark_oak_1"
	},
	"elements": [
		{
			"from": [0, 0, 0],
			"to": [16, 16, 16],
			"faces": {
				"north": {"uv": [0, 0, 16, 16], "texture": "#fruit", "cullface": "north"},
				"east": {"uv": [0, 0, 16, 16], "texture": "#fruit", "cullface": "east"},
				"south": {"uv": [0, 0, 16, 16], "texture": "#fruit", "cullface": "south"},
				"west": {"uv": [0, 0, 16, 16], "texture": "#fruit", "cullface": "west"}
			}
		},
		{
			"from": [0, 0, 0],
			"to": [16, 16, 16],
			"faces": {
				"north": {"uv": [0, 0, 16, 16], "texture": "#side", "tintindex": 0, "cullface": "north"},
				"east": {"uv": [0, 0, 16, 16], "texture": "#side", "tintindex": 0, "cullface": "east"},
				"south": {"uv": [0, 0, 16, 16], "texture": "#side", "tintindex": 0, "cullface": "south"},
				"west": {"uv": [0, 0, 16, 16], "texture": "#side", "tintindex": 0, "cullface": "west"},
				"up": {"uv": [0, 0, 16, 16], "texture": "#particle", "tintindex": 0, "cullface": "up"},
				"down": {"uv": [0, 0, 16, 16], "texture": "#particle", "tintindex": 0, "cullface": "down"}
			}
		}
	]
}