{
	"credit": "Made with Blockbench",
	"parent": "block/thin_block",
	"textures": {
		"side": "block/daylight_detector_side",
		"particle": "#top",
		"top": "#top",
		"glass": "block/glass"
	},
	"elements": [
		{
			"from": [0, 0, 0],
			"to": [16, 4, 16],
			"faces": {
				"north": {"uv": [0, 10, 16, 14], "texture": "#side", "cullface": "north"},
				"east": {"uv": [0, 10, 16, 14], "texture": "#side", "cullface": "east"},
				"south": {"uv": [0, 10, 16, 14], "texture": "#side", "cullface": "south"},
				"west": {"uv": [0, 10, 16, 14], "texture": "#side", "cullface": "west"},
				"up": {"uv": [0, 0, 16, 16], "texture": "#top"},
				"down": {"uv": [0, 0, 16, 16], "texture": "#side", "cullface": "down"}
			}
		},
		{
			"from": [0, 4, 0],
			"to": [1, 6, 1],
			"faces": {
				"north": {"uv": [15, 10, 16, 12], "texture": "#glass", "cullface": "north"},
				"west": {"uv": [0, 10, 1, 12], "texture": "#glass", "cullface": "west"},
				"up": {"uv": [0, 0, 1, 1], "texture": "#glass"}
			}
		},
		{
			"from": [0, 5, 1],
			"to": [1, 6, 15],
			"faces": {
				"west": {"uv": [1, 15, 15, 16], "texture": "#glass", "cullface": "west"},
				"up": {"uv": [0, 1, 1, 15], "texture": "#glass"}
			}
		},
		{
			"from": [15, 4, 15],
			"to": [16, 6, 16],
			"rotation": {"angle": 0, "axis": "y", "origin": [8, 8, 23]},
			"faces": {
				"east": {"uv": [0, 10, 1, 12], "texture": "#glass", "cullface": "east"},
				"south": {"uv": [15, 10, 16, 12], "texture": "#glass", "cullface": "south"},
				"up": {"uv": [15, 15, 16, 16], "texture": "#glass"}
			}
		},
		{
			"from": [0, 4, 15],
			"to": [1, 6, 16],
			"rotation": {"angle": 0, "axis": "y", "origin": [8, 8, 23]},
			"faces": {
				"south": {"uv": [0, 10, 1, 12], "texture": "#glass", "cullface": "south"},
				"west": {"uv": [15, 10, 16, 12], "texture": "#glass", "cullface": "west"},
				"up": {"uv": [0, 15, 1, 16], "texture": "#glass"}
			}
		},
		{
			"from": [1, 5, 15],
			"to": [15, 6, 16],
			"rotation": {"angle": 0, "axis": "y", "origin": [8, 8, 23]},
			"faces": {
				"south": {"uv": [1, 15, 15, 16], "texture": "#glass", "cullface": "south"},
				"up": {"uv": [1, 15, 15, 16], "texture": "#glass"}
			}
		},
		{
			"from": [1, 5, 0],
			"to": [15, 6, 1],
			"rotation": {"angle": 0, "axis": "y", "origin": [8, 8, 23]},
			"faces": {
				"north": {"uv": [1, 15, 15, 16], "texture": "#glass", "cullface": "north"},
				"up": {"uv": [1, 0, 15, 1], "texture": "#glass"}
			}
		},
		{
			"from": [15, 4, 0],
			"to": [16, 6, 1],
			"faces": {
				"north": {"uv": [0, 10, 1, 12], "texture": "#glass", "cullface": "north"},
				"east": {"uv": [15, 10, 16, 12], "texture": "#glass", "cullface": "east"},
				"up": {"uv": [15, 0, 16, 1], "texture": "#glass"}
			}
		},
		{
			"from": [15, 5, 1],
			"to": [16, 6, 15],
			"faces": {
				"east": {"uv": [1, 15, 15, 16], "texture": "#glass", "cullface": "east"},
				"up": {"uv": [15, 1, 16, 15], "texture": "#glass"}
			}
		},
		{
			"from": [12, 6, 13],
			"to": [13, 6, 14],
			"faces": {
				"up": {"uv": [12, 13, 13, 14], "texture": "#glass"}
			}
		},
		{
			"from": [13, 6, 12],
			"to": [14, 6, 13],
			"faces": {
				"up": {"uv": [13, 12, 14, 13], "texture": "#glass"}
			}
		},
		{
			"from": [1, 6, 3],
			"to": [2, 6, 4],
			"rotation": {"angle": 0, "axis": "y", "origin": [-3, 8, -2]},
			"faces": {
				"up": {"uv": [1, 3, 2, 4], "texture": "#glass"}
			}
		},
		{
			"from": [2, 6, 2],
			"to": [3, 6, 3],
			"rotation": {"angle": 0, "axis": "y", "origin": [-3, 8, -2]},
			"faces": {
				"up": {"uv": [2, 2, 3, 3], "texture": "#glass"}
			}
		},
		{
			"from": [4, 6, 4],
			"to": [5, 6, 5],
			"rotation": {"angle": 0, "axis": "y", "origin": [1, 8, -2]},
			"faces": {
				"up": {"uv": [4, 4, 5, 5], "texture": "#glass"}
			}
		},
		{
			"from": [6, 6, 2],
			"to": [7, 6, 3],
			"rotation": {"angle": 0, "axis": "y", "origin": [1, 8, -2]},
			"faces": {
				"up": {"uv": [6, 2, 7, 3], "texture": "#glass"}
			}
		},
		{
			"from": [5, 6, 3],
			"to": [6, 6, 4],
			"rotation": {"angle": 0, "axis": "y", "origin": [1, 8, -2]},
			"faces": {
				"up": {"uv": [5, 3, 6, 4], "texture": "#glass"}
			}
		}
	]
}