{
	"credit": "Made with Blockbench",
	"textures": {
		"particle": "block/dirt_roots",
		"cross": "block/dirt_roots"
	},
	"elements": [
		{
			"from": [2, -2, 8],
			"to": [3, 0, 8],
			"shade": false,
			"rotation": {"angle": -45, "axis": "y", "origin": [8, 8, 8]},
			"faces": {
				"north": {"uv": [2, 0, 3, 2], "texture": "#cross", "cullface": "down"},
				"east": {"uv": [0, 0, 0, 2], "texture": "#cross", "cullface": "down"},
				"south": {"uv": [2, 0, 3, 2], "texture": "#cross", "cullface": "down"},
				"west": {"uv": [0, 0, 0, 2], "texture": "#cross", "cullface": "down"}
			}
		},
		{
			"from": [6, -5, 8],
			"to": [7, -3, 8],
			"shade": false,
			"rotation": {"angle": -45, "axis": "y", "origin": [8, 8, 8]},
			"faces": {
				"north": {"uv": [6, 3, 7, 5], "texture": "#cross", "cullface": "down"},
				"east": {"uv": [0, 0, 0, 2], "texture": "#cross", "cullface": "down"},
				"south": {"uv": [6, 3, 7, 5], "texture": "#cross", "cullface": "down"},
				"west": {"uv": [0, 0, 0, 2], "texture": "#cross", "cullface": "down"}
			}
		},
		{
			"from": [7, -10, 8],
			"to": [8, -8, 8],
			"shade": false,
			"rotation": {"angle": -45, "axis": "y", "origin": [8, 8, 8]},
			"faces": {
				"north": {"uv": [7, 8, 8, 10], "texture": "#cross", "cullface": "down"},
				"east": {"uv": [0, 0, 0, 2], "texture": "#cross", "cullface": "down"},
				"south": {"uv": [7, 8, 8, 10], "texture": "#cross", "cullface": "down"},
				"west": {"uv": [0, 0, 0, 2], "texture": "#cross", "cullface": "down"}
			}
		},
		{
			"from": [2, -11, 8],
			"to": [3, -9, 8],
			"shade": false,
			"rotation": {"angle": -45, "axis": "y", "origin": [8, 8, 8]},
			"faces": {
				"north": {"uv": [2, 9, 3, 11], "texture": "#cross", "cullface": "down"},
				"east": {"uv": [0, 0, 0, 2], "texture": "#cross", "cullface": "down"},
				"south": {"uv": [2, 9, 3, 11], "texture": "#cross", "cullface": "down"},
				"west": {"uv": [0, 0, 0, 2], "texture": "#cross", "cullface": "down"}
			}
		},
		{
			"from": [1, -14, 8],
			"to": [2, -11, 8],
			"shade": false,
			"rotation": {"angle": -45, "axis": "y", "origin": [8, 8, 8]},
			"faces": {
				"north": {"uv": [1, 11, 2, 14], "texture": "#cross", "cullface": "down"},
				"east": {"uv": [0, 0, 0, 2], "texture": "#cross", "cullface": "down"},
				"south": {"uv": [1, 11, 2, 14], "texture": "#cross", "cullface": "down"},
				"west": {"uv": [0, 0, 0, 2], "texture": "#cross", "cullface": "down"}
			}
		},
		{
			"from": [3, -9, 8],
			"to": [4, -2, 8],
			"shade": false,
			"rotation": {"angle": -45, "axis": "y", "origin": [8, 8, 8]},
			"faces": {
				"north": {"uv": [3, 2, 4, 9], "texture": "#cross", "cullface": "down"},
				"east": {"uv": [0, 0, 0, 2], "texture": "#cross", "cullface": "down"},
				"south": {"uv": [3, 2, 4, 9], "texture": "#cross", "cullface": "down"},
				"west": {"uv": [0, 0, 0, 2], "texture": "#cross", "cullface": "down"}
			}
		},
		{
			"from": [9, -2, 8],
			"to": [10, 0, 8],
			"shade": false,
			"rotation": {"angle": -45, "axis": "y", "origin": [8, 8, 8]},
			"faces": {
				"north": {"uv": [9, 0, 10, 2], "texture": "#cross", "cullface": "down"},
				"east": {"uv": [0, 0, 0, 2], "texture": "#cross", "cullface": "down"},
				"south": {"uv": [9, 0, 10, 2], "texture": "#cross", "cullface": "down"},
				"west": {"uv": [0, 0, 0, 2], "texture": "#cross", "cullface": "down"}
			}
		},
		{
			"from": [8, -15, 8],
			"to": [9, -2, 8],
			"shade": false,
			"rotation": {"angle": -45, "axis": "y", "origin": [8, 8, 8]},
			"faces": {
				"north": {"uv": [8, 2, 9, 15], "texture": "#cross", "cullface": "down"},
				"east": {"uv": [0, 0, 0, 2], "texture": "#cross", "cullface": "down"},
				"south": {"uv": [8, 2, 9, 15], "texture": "#cross", "cullface": "down"},
				"west": {"uv": [0, 0, 0, 2], "texture": "#cross", "cullface": "down"}
			}
		},
		{
			"from": [10, -11, 8],
			"to": [11, -3, 8],
			"shade": false,
			"rotation": {"angle": -45, "axis": "y", "origin": [8, 8, 8]},
			"faces": {
				"north": {"uv": [10, 3, 11, 11], "texture": "#cross", "cullface": "down"},
				"east": {"uv": [0, 0, 0, 2], "texture": "#cross", "cullface": "down"},
				"south": {"uv": [10, 3, 11, 11], "texture": "#cross", "cullface": "down"},
				"west": {"uv": [0, 0, 0, 2], "texture": "#cross", "cullface": "down"}
			}
		},
		{
			"from": [9, -8, 8],
			"to": [10, -7, 8],
			"shade": false,
			"rotation": {"angle": -45, "axis": "y", "origin": [8, 8, 8]},
			"faces": {
				"north": {"uv": [9, 7, 10, 8], "texture": "#cross", "cullface": "down"},
				"east": {"uv": [0, 0, 0, 2], "texture": "#cross", "cullface": "down"},
				"south": {"uv": [9, 7, 10, 8], "texture": "#cross", "cullface": "down"},
				"west": {"uv": [0, 0, 0, 2], "texture": "#cross", "cullface": "down"}
			}
		},
		{
			"from": [4, -2, 8],
			"to": [6, 0, 8],
			"shade": false,
			"rotation": {"angle": -45, "axis": "y", "origin": [8, 8, 8]},
			"faces": {
				"north": {"uv": [6, 0, 4, 2], "texture": "#cross", "cullface": "down"},
				"east": {"uv": [0, 0, 0, 2], "texture": "#cross", "cullface": "down"},
				"south": {"uv": [4, 0, 6, 2], "texture": "#cross", "cullface": "down"},
				"west": {"uv": [0, 0, 0, 2], "texture": "#cross", "cullface": "down"}
			}
		},
		{
			"from": [6, -3, 8],
			"to": [8, -1, 8],
			"shade": false,
			"rotation": {"angle": -45, "axis": "y", "origin": [8, 8, 8]},
			"faces": {
				"north": {"uv": [8, 1, 6, 3], "texture": "#cross", "cullface": "down"},
				"east": {"uv": [0, 0, 0, 2], "texture": "#cross", "cullface": "down"},
				"south": {"uv": [6, 1, 8, 3], "texture": "#cross", "cullface": "down"},
				"west": {"uv": [0, 0, 0, 2], "texture": "#cross", "cullface": "down"}
			}
		},
		{
			"from": [5, -7, 8],
			"to": [7, -5, 8],
			"shade": false,
			"rotation": {"angle": -45, "axis": "y", "origin": [8, 8, 8]},
			"faces": {
				"north": {"uv": [7, 5, 5, 7], "texture": "#cross", "cullface": "down"},
				"east": {"uv": [0, 0, 0, 2], "texture": "#cross", "cullface": "down"},
				"south": {"uv": [5, 5, 7, 7], "texture": "#cross", "cullface": "down"},
				"west": {"uv": [0, 0, 0, 2], "texture": "#cross", "cullface": "down"}
			}
		},
		{
			"from": [4, -12, 8],
			"to": [7, -7, 8],
			"shade": false,
			"rotation": {"angle": -45, "axis": "y", "origin": [8, 8, 8]},
			"faces": {
				"north": {"uv": [7, 7, 4, 12], "texture": "#cross", "cullface": "down"},
				"east": {"uv": [0, 0, 0, 2], "texture": "#cross", "cullface": "down"},
				"south": {"uv": [4, 7, 7, 12], "texture": "#cross", "cullface": "down"},
				"west": {"uv": [0, 0, 0, 2], "texture": "#cross", "cullface": "down"}
			}
		},
		{
			"from": [11, -1, 8],
			"to": [13, 0, 8],
			"shade": false,
			"rotation": {"angle": -45, "axis": "y", "origin": [8, 8, 8]},
			"faces": {
				"north": {"uv": [13, 0, 11, 1], "texture": "#cross", "cullface": "down"},
				"east": {"uv": [0, 0, 0, 2], "texture": "#cross", "cullface": "down"},
				"south": {"uv": [11, 0, 13, 1], "texture": "#cross", "cullface": "down"},
				"west": {"uv": [0, 0, 0, 2], "texture": "#cross", "cullface": "down"}
			}
		},
		{
			"from": [10, -3, 8],
			"to": [14, -1, 8],
			"shade": false,
			"rotation": {"angle": -45, "axis": "y", "origin": [8, 8, 8]},
			"faces": {
				"north": {"uv": [14, 1, 10, 3], "texture": "#cross", "cullface": "down"},
				"east": {"uv": [0, 0, 0, 2], "texture": "#cross", "cullface": "down"},
				"south": {"uv": [10, 1, 14, 3], "texture": "#cross", "cullface": "down"},
				"west": {"uv": [0, 0, 0, 2], "texture": "#cross", "cullface": "down"}
			}
		},
		{
			"from": [14, -8, 8],
			"to": [15, -2, 8],
			"shade": false,
			"rotation": {"angle": -45, "axis": "y", "origin": [8, 8, 8]},
			"faces": {
				"north": {"uv": [14, 2, 15, 8], "texture": "#cross", "cullface": "down"},
				"east": {"uv": [0, 0, 0, 2], "texture": "#cross", "cullface": "down"},
				"south": {"uv": [14, 2, 15, 8], "texture": "#cross", "cullface": "down"},
				"west": {"uv": [0, 0, 0, 2], "texture": "#cross", "cullface": "down"}
			}
		},
		{
			"from": [13, -10, 8],
			"to": [14, -7, 8],
			"shade": false,
			"rotation": {"angle": -45, "axis": "y", "origin": [8, 8, 8]},
			"faces": {
				"north": {"uv": [13, 7, 14, 10], "texture": "#cross", "cullface": "down"},
				"east": {"uv": [0, 0, 0, 2], "texture": "#cross", "cullface": "down"},
				"south": {"uv": [13, 7, 14, 10], "texture": "#cross", "cullface": "down"},
				"west": {"uv": [0, 0, 0, 2], "texture": "#cross", "cullface": "down"}
			}
		},
		{
			"from": [14, -13, 8],
			"to": [15, -10, 8],
			"shade": false,
			"rotation": {"angle": -45, "axis": "y", "origin": [8, 8, 8]},
			"faces": {
				"north": {"uv": [14, 10, 15, 13], "texture": "#cross", "cullface": "down"},
				"east": {"uv": [0, 0, 0, 2], "texture": "#cross", "cullface": "down"},
				"south": {"uv": [14, 10, 15, 13], "texture": "#cross", "cullface": "down"},
				"west": {"uv": [0, 0, 0, 2], "texture": "#cross", "cullface": "down"}
			}
		},
		{
			"from": [12, -11, 8],
			"to": [13, -10, 8],
			"shade": false,
			"rotation": {"angle": -45, "axis": "y", "origin": [8, 8, 8]},
			"faces": {
				"north": {"uv": [12, 10, 13, 11], "texture": "#cross", "cullface": "down"},
				"east": {"uv": [0, 0, 0, 2], "texture": "#cross", "cullface": "down"},
				"south": {"uv": [12, 10, 13, 11], "texture": "#cross", "cullface": "down"},
				"west": {"uv": [0, 0, 0, 2], "texture": "#cross", "cullface": "down"}
			}
		},
		{
			"from": [11, -12, 8],
			"to": [12, -11, 8],
			"shade": false,
			"rotation": {"angle": -45, "axis": "y", "origin": [8, 8, 8]},
			"faces": {
				"north": {"uv": [11, 11, 12, 12], "texture": "#cross", "cullface": "down"},
				"east": {"uv": [0, 0, 0, 2], "texture": "#cross", "cullface": "down"},
				"south": {"uv": [11, 11, 12, 12], "texture": "#cross", "cullface": "down"},
				"west": {"uv": [0, 0, 0, 2], "texture": "#cross", "cullface": "down"}
			}
		},
		{
			"from": [10, -13, 8],
			"to": [11, -12, 8],
			"shade": false,
			"rotation": {"angle": -45, "axis": "y", "origin": [8, 8, 8]},
			"faces": {
				"north": {"uv": [10, 12, 11, 13], "texture": "#cross", "cullface": "down"},
				"east": {"uv": [0, 0, 0, 2], "texture": "#cross", "cullface": "down"},
				"south": {"uv": [10, 12, 11, 13], "texture": "#cross", "cullface": "down"},
				"west": {"uv": [0, 0, 0, 2], "texture": "#cross", "cullface": "down"}
			}
		},
		{
			"from": [11, -14, 8],
			"to": [12, -13, 8],
			"shade": false,
			"rotation": {"angle": -45, "axis": "y", "origin": [8, 8, 8]},
			"faces": {
				"north": {"uv": [11, 13, 12, 14], "texture": "#cross", "cullface": "down"},
				"east": {"uv": [0, 0, 0, 2], "texture": "#cross", "cullface": "down"},
				"south": {"uv": [11, 13, 12, 14], "texture": "#cross", "cullface": "down"},
				"west": {"uv": [0, 0, 0, 2], "texture": "#cross", "cullface": "down"}
			}
		},
		{
			"from": [11, -9, 8],
			"to": [13, -8, 8],
			"shade": false,
			"rotation": {"angle": -45, "axis": "y", "origin": [8, 8, 8]},
			"faces": {
				"north": {"uv": [13, 8, 11, 9], "texture": "#cross", "cullface": "down"},
				"east": {"uv": [0, 0, 0, 2], "texture": "#cross", "cullface": "down"},
				"south": {"uv": [11, 8, 13, 9], "texture": "#cross", "cullface": "down"},
				"west": {"uv": [0, 0, 0, 2], "texture": "#cross", "cullface": "down"}
			}
		},
		{
			"from": [11, -8, 8],
			"to": [12, -7, 8],
			"shade": false,
			"rotation": {"angle": -45, "axis": "y", "origin": [8, 8, 8]},
			"faces": {
				"north": {"uv": [11, 7, 12, 8], "texture": "#cross", "cullface": "down"},
				"east": {"uv": [0, 0, 0, 2], "texture": "#cross", "cullface": "down"},
				"south": {"uv": [11, 7, 12, 8], "texture": "#cross", "cullface": "down"},
				"west": {"uv": [0, 0, 0, 2], "texture": "#cross", "cullface": "down"}
			}
		},
		{
			"from": [13, -4, 8],
			"to": [14, -3, 8],
			"shade": false,
			"rotation": {"angle": -45, "axis": "y", "origin": [8, 8, 8]},
			"faces": {
				"north": {"uv": [13, 3, 14, 4], "texture": "#cross", "cullface": "down"},
				"east": {"uv": [0, 0, 0, 2], "texture": "#cross", "cullface": "down"},
				"south": {"uv": [13, 3, 14, 4], "texture": "#cross", "cullface": "down"},
				"west": {"uv": [0, 0, 0, 2], "texture": "#cross", "cullface": "down"}
			}
		},
		{
			"from": [7, -1, 8],
			"to": [8, 0, 8],
			"shade": false,
			"rotation": {"angle": -45, "axis": "y", "origin": [8, 8, 8]},
			"faces": {
				"north": {"uv": [7, 0, 8, 1], "texture": "#cross", "cullface": "down"},
				"east": {"uv": [0, 0, 0, 2], "texture": "#cross", "cullface": "down"},
				"south": {"uv": [7, 0, 8, 1], "texture": "#cross", "cullface": "down"},
				"west": {"uv": [0, 0, 0, 2], "texture": "#cross", "cullface": "down"}
			}
		},
		{
			"from": [1, -3, 8],
			"to": [2, -2, 8],
			"shade": false,
			"rotation": {"angle": -45, "axis": "y", "origin": [8, 8, 8]},
			"faces": {
				"north": {"uv": [1, 2, 2, 3], "texture": "#cross", "cullface": "down"},
				"east": {"uv": [0, 0, 0, 2], "texture": "#cross", "cullface": "down"},
				"south": {"uv": [1, 2, 2, 3], "texture": "#cross", "cullface": "down"},
				"west": {"uv": [0, 0, 0, 2], "texture": "#cross", "cullface": "down"}
			}
		},
		{
			"from": [4, -3, 8],
			"to": [5, -2, 8],
			"shade": false,
			"rotation": {"angle": -45, "axis": "y", "origin": [8, 8, 8]},
			"faces": {
				"north": {"uv": [4, 2, 5, 3], "texture": "#cross", "cullface": "down"},
				"east": {"uv": [0, 0, 0, 2], "texture": "#cross", "cullface": "down"},
				"south": {"uv": [4, 2, 5, 3], "texture": "#cross", "cullface": "down"},
				"west": {"uv": [0, 0, 0, 2], "texture": "#cross", "cullface": "down"}
			}
		},
		{
			"from": [0, -8, 8],
			"to": [1, -3, 8],
			"shade": false,
			"rotation": {"angle": -45, "axis": "y", "origin": [8, 8, 8]},
			"faces": {
				"north": {"uv": [0, 3, 1, 8], "texture": "#cross", "cullface": "down"},
				"east": {"uv": [0, 0, 0, 2], "texture": "#cross", "cullface": "down"},
				"south": {"uv": [0, 3, 1, 8], "texture": "#cross", "cullface": "down"},
				"west": {"uv": [0, 0, 0, 2], "texture": "#cross", "cullface": "down"}
			}
		},
		{
			"from": [1, -8, 8],
			"to": [2, -7, 8],
			"shade": false,
			"rotation": {"angle": -45, "axis": "y", "origin": [8, 8, 8]},
			"faces": {
				"north": {"uv": [1, 7, 2, 8], "texture": "#cross", "cullface": "down"},
				"east": {"uv": [0, 0, 0, 2], "texture": "#cross", "cullface": "down"},
				"south": {"uv": [1, 7, 2, 8], "texture": "#cross", "cullface": "down"},
				"west": {"uv": [0, 0, 0, 2], "texture": "#cross", "cullface": "down"}
			}
		},
		{
			"from": [3, -12, 8],
			"to": [4, -11, 8],
			"shade": false,
			"rotation": {"angle": -45, "axis": "y", "origin": [8, 8, 8]},
			"faces": {
				"north": {"uv": [3, 11, 4, 12], "texture": "#cross", "cullface": "down"},
				"east": {"uv": [0, 0, 0, 2], "texture": "#cross", "cullface": "down"},
				"south": {"uv": [3, 11, 4, 12], "texture": "#cross", "cullface": "down"},
				"west": {"uv": [0, 0, 0, 2], "texture": "#cross", "cullface": "down"}
			}
		},
		{
			"from": [4, -13, 8],
			"to": [5, -12, 8],
			"shade": false,
			"rotation": {"angle": -45, "axis": "y", "origin": [8, 8, 8]},
			"faces": {
				"north": {"uv": [4, 12, 5, 13], "texture": "#cross", "cullface": "down"},
				"east": {"uv": [0, 0, 0, 2], "texture": "#cross", "cullface": "down"},
				"south": {"uv": [4, 12, 5, 13], "texture": "#cross", "cullface": "down"},
				"west": {"uv": [0, 0, 0, 2], "texture": "#cross", "cullface": "down"}
			}
		},
		{
			"from": [6, -13, 8],
			"to": [7, -12, 8],
			"shade": false,
			"rotation": {"angle": -45, "axis": "y", "origin": [8, 8, 8]},
			"faces": {
				"north": {"uv": [6, 12, 7, 13], "texture": "#cross", "cullface": "down"},
				"east": {"uv": [0, 0, 0, 2], "texture": "#cross", "cullface": "down"},
				"south": {"uv": [6, 12, 7, 13], "texture": "#cross", "cullface": "down"},
				"west": {"uv": [0, 0, 0, 2], "texture": "#cross", "cullface": "down"}
			}
		},
		{
			"from": [5, -15, 8],
			"to": [6, -13, 8],
			"shade": false,
			"rotation": {"angle": -45, "axis": "y", "origin": [8, 8, 8]},
			"faces": {
				"north": {"uv": [5, 13, 6, 15], "texture": "#cross", "cullface": "down"},
				"east": {"uv": [0, 0, 0, 2], "texture": "#cross", "cullface": "down"},
				"south": {"uv": [5, 13, 6, 15], "texture": "#cross", "cullface": "down"},
				"west": {"uv": [0, 0, 0, 2], "texture": "#cross", "cullface": "down"}
			}
		},
		{
			"from": [8, -13, 4],
			"to": [8, -12, 5],
			"shade": false,
			"rotation": {"angle": -45, "axis": "y", "origin": [8, 8, 8]},
			"faces": {
				"north": {"uv": [0, 0, 0, 2], "texture": "#cross", "cullface": "down"},
				"east": {"uv": [4, 12, 5, 13], "texture": "#cross", "cullface": "down"},
				"south": {"uv": [0, 0, 0, 2], "texture": "#cross", "cullface": "down"},
				"west": {"uv": [4, 12, 5, 13], "texture": "#cross", "cullface": "down"}
			}
		},
		{
			"from": [8, -2, 2],
			"to": [8, 0, 3],
			"shade": false,
			"rotation": {"angle": -45, "axis": "y", "origin": [8, 8, 8]},
			"faces": {
				"north": {"uv": [0, 0, 0, 2], "texture": "#cross", "cullface": "down"},
				"east": {"uv": [2, 0, 3, 2], "texture": "#cross", "cullface": "down"},
				"south": {"uv": [0, 0, 0, 2], "texture": "#cross", "cullface": "down"},
				"west": {"uv": [2, 0, 3, 2], "texture": "#cross", "cullface": "down"}
			}
		},
		{
			"from": [8, -2, 4],
			"to": [8, 0, 6],
			"shade": false,
			"rotation": {"angle": -45, "axis": "y", "origin": [8, 8, 8]},
			"faces": {
				"north": {"uv": [0, 0, 0, 2], "texture": "#cross", "cullface": "down"},
				"east": {"uv": [6, 0, 4, 2], "texture": "#cross", "cullface": "down"},
				"south": {"uv": [0, 0, 0, 2], "texture": "#cross", "cullface": "down"},
				"west": {"uv": [4, 0, 6, 2], "texture": "#cross", "cullface": "down"}
			}
		},
		{
			"from": [8, -1, 7],
			"to": [8, 0, 8],
			"shade": false,
			"rotation": {"angle": -45, "axis": "y", "origin": [8, 8, 8]},
			"faces": {
				"north": {"uv": [0, 0, 0, 2], "texture": "#cross", "cullface": "down"},
				"east": {"uv": [7, 0, 8, 1], "texture": "#cross", "cullface": "down"},
				"south": {"uv": [0, 0, 0, 2], "texture": "#cross", "cullface": "down"},
				"west": {"uv": [7, 0, 8, 1], "texture": "#cross", "cullface": "down"}
			}
		},
		{
			"from": [8, -2, 9],
			"to": [8, 0, 10],
			"shade": false,
			"rotation": {"angle": -45, "axis": "y", "origin": [8, 8, 8]},
			"faces": {
				"north": {"uv": [0, 0, 0, 2], "texture": "#cross", "cullface": "down"},
				"east": {"uv": [9, 0, 10, 2], "texture": "#cross", "cullface": "down"},
				"south": {"uv": [0, 0, 0, 2], "texture": "#cross", "cullface": "down"},
				"west": {"uv": [9, 0, 10, 2], "texture": "#cross", "cullface": "down"}
			}
		},
		{
			"from": [8, -1, 11],
			"to": [8, 0, 13],
			"shade": false,
			"rotation": {"angle": -45, "axis": "y", "origin": [8, 8, 8]},
			"faces": {
				"north": {"uv": [0, 0, 0, 2], "texture": "#cross", "cullface": "down"},
				"east": {"uv": [13, 0, 11, 1], "texture": "#cross", "cullface": "down"},
				"south": {"uv": [0, 0, 0, 2], "texture": "#cross", "cullface": "down"},
				"west": {"uv": [11, 0, 13, 1], "texture": "#cross", "cullface": "down"}
			}
		},
		{
			"from": [8, -3, 10],
			"to": [8, -1, 14],
			"shade": false,
			"rotation": {"angle": -45, "axis": "y", "origin": [8, 8, 8]},
			"faces": {
				"north": {"uv": [0, 0, 0, 2], "texture": "#cross", "cullface": "down"},
				"east": {"uv": [14, 1, 10, 3], "texture": "#cross", "cullface": "down"},
				"south": {"uv": [0, 0, 0, 2], "texture": "#cross", "cullface": "down"},
				"west": {"uv": [10, 1, 14, 3], "texture": "#cross", "cullface": "down"}
			}
		},
		{
			"from": [8, -3, 1],
			"to": [8, -2, 2],
			"shade": false,
			"rotation": {"angle": -45, "axis": "y", "origin": [8, 8, 8]},
			"faces": {
				"north": {"uv": [0, 0, 0, 2], "texture": "#cross", "cullface": "down"},
				"east": {"uv": [1, 2, 2, 3], "texture": "#cross", "cullface": "down"},
				"south": {"uv": [0, 0, 0, 2], "texture": "#cross", "cullface": "down"},
				"west": {"uv": [1, 2, 2, 3], "texture": "#cross", "cullface": "down"}
			}
		},
		{
			"from": [8, -3, 4],
			"to": [8, -2, 5],
			"shade": false,
			"rotation": {"angle": -45, "axis": "y", "origin": [8, 8, 8]},
			"faces": {
				"north": {"uv": [0, 0, 0, 2], "texture": "#cross", "cullface": "down"},
				"east": {"uv": [4, 2, 5, 3], "texture": "#cross", "cullface": "down"},
				"south": {"uv": [0, 0, 0, 2], "texture": "#cross", "cullface": "down"},
				"west": {"uv": [4, 2, 5, 3], "texture": "#cross", "cullface": "down"}
			}
		},
		{
			"from": [8, -9, 3],
			"to": [8, -2, 4],
			"shade": false,
			"rotation": {"angle": -45, "axis": "y", "origin": [8, 8, 8]},
			"faces": {
				"north": {"uv": [0, 0, 0, 2], "texture": "#cross", "cullface": "down"},
				"east": {"uv": [3, 2, 4, 9], "texture": "#cross", "cullface": "down"},
				"south": {"uv": [0, 0, 0, 2], "texture": "#cross", "cullface": "down"},
				"west": {"uv": [3, 2, 4, 9], "texture": "#cross", "cullface": "down"}
			}
		},
		{
			"from": [8, -3, 6],
			"to": [8, -1, 8],
			"shade": false,
			"rotation": {"angle": -45, "axis": "y", "origin": [8, 8, 8]},
			"faces": {
				"north": {"uv": [0, 0, 0, 2], "texture": "#cross", "cullface": "down"},
				"east": {"uv": [8, 1, 6, 3], "texture": "#cross", "cullface": "down"},
				"south": {"uv": [0, 0, 0, 2], "texture": "#cross", "cullface": "down"},
				"west": {"uv": [6, 1, 8, 3], "texture": "#cross", "cullface": "down"}
			}
		},
		{
			"from": [8, -7, 5],
			"to": [8, -5, 7],
			"shade": false,
			"rotation": {"angle": -45, "axis": "y", "origin": [8, 8, 8]},
			"faces": {
				"north": {"uv": [0, 0, 0, 2], "texture": "#cross", "cullface": "down"},
				"east": {"uv": [7, 5, 5, 7], "texture": "#cross", "cullface": "down"},
				"south": {"uv": [0, 0, 0, 2], "texture": "#cross", "cullface": "down"},
				"west": {"uv": [5, 5, 7, 7], "texture": "#cross", "cullface": "down"}
			}
		},
		{
			"from": [8, -5, 6],
			"to": [8, -3, 7],
			"shade": false,
			"rotation": {"angle": -45, "axis": "y", "origin": [8, 8, 8]},
			"faces": {
				"north": {"uv": [0, 0, 0, 2], "texture": "#cross", "cullface": "down"},
				"east": {"uv": [6, 3, 7, 5], "texture": "#cross", "cullface": "down"},
				"south": {"uv": [0, 0, 0, 2], "texture": "#cross", "cullface": "down"},
				"west": {"uv": [6, 3, 7, 5], "texture": "#cross", "cullface": "down"}
			}
		},
		{
			"from": [8, -15, 8],
			"to": [8, -2, 9],
			"shade": false,
			"rotation": {"angle": -45, "axis": "y", "origin": [8, 8, 8]},
			"faces": {
				"north": {"uv": [0, 0, 0, 2], "texture": "#cross", "cullface": "down"},
				"east": {"uv": [8, 2, 9, 15], "texture": "#cross", "cullface": "down"},
				"south": {"uv": [0, 0, 0, 2], "texture": "#cross", "cullface": "down"},
				"west": {"uv": [8, 2, 9, 15], "texture": "#cross", "cullface": "down"}
			}
		},
		{
			"from": [8, -12, 4],
			"to": [8, -7, 7],
			"shade": false,
			"rotation": {"angle": -45, "axis": "y", "origin": [8, 8, 8]},
			"faces": {
				"north": {"uv": [0, 0, 0, 2], "texture": "#cross", "cullface": "down"},
				"east": {"uv": [7, 7, 4, 12], "texture": "#cross", "cullface": "down"},
				"south": {"uv": [0, 0, 0, 2], "texture": "#cross", "cullface": "down"},
				"west": {"uv": [4, 7, 7, 12], "texture": "#cross", "cullface": "down"}
			}
		},
		{
			"from": [8, -10, 7],
			"to": [8, -8, 8],
			"shade": false,
			"rotation": {"angle": -45, "axis": "y", "origin": [8, 8, 8]},
			"faces": {
				"north": {"uv": [0, 0, 0, 2], "texture": "#cross", "cullface": "down"},
				"east": {"uv": [7, 8, 8, 10], "texture": "#cross", "cullface": "down"},
				"south": {"uv": [0, 0, 0, 2], "texture": "#cross", "cullface": "down"},
				"west": {"uv": [7, 8, 8, 10], "texture": "#cross", "cullface": "down"}
			}
		},
		{
			"from": [8, -11, 2],
			"to": [8, -9, 3],
			"shade": false,
			"rotation": {"angle": -45, "axis": "y", "origin": [8, 8, 8]},
			"faces": {
				"north": {"uv": [0, 0, 0, 2], "texture": "#cross", "cullface": "down"},
				"east": {"uv": [2, 9, 3, 11], "texture": "#cross", "cullface": "down"},
				"south": {"uv": [0, 0, 0, 2], "texture": "#cross", "cullface": "down"},
				"west": {"uv": [2, 9, 3, 11], "texture": "#cross", "cullface": "down"}
			}
		},
		{
			"from": [8, -14, 1],
			"to": [8, -11, 2],
			"shade": false,
			"rotation": {"angle": -45, "axis": "y", "origin": [8, 8, 8]},
			"faces": {
				"north": {"uv": [0, 0, 0, 2], "texture": "#cross", "cullface": "down"},
				"east": {"uv": [1, 11, 2, 14], "texture": "#cross", "cullface": "down"},
				"south": {"uv": [0, 0, 0, 2], "texture": "#cross", "cullface": "down"},
				"west": {"uv": [1, 11, 2, 14], "texture": "#cross", "cullface": "down"}
			}
		},
		{
			"from": [8, -12, 3],
			"to": [8, -11, 4],
			"shade": false,
			"rotation": {"angle": -45, "axis": "y", "origin": [8, 8, 8]},
			"faces": {
				"north": {"uv": [0, 0, 0, 2], "texture": "#cross", "cullface": "down"},
				"east": {"uv": [3, 11, 4, 12], "texture": "#cross", "cullface": "down"},
				"south": {"uv": [0, 0, 0, 2], "texture": "#cross", "cullface": "down"},
				"west": {"uv": [3, 11, 4, 12], "texture": "#cross", "cullface": "down"}
			}
		},
		{
			"from": [8, -13, 6],
			"to": [8, -12, 7],
			"shade": false,
			"rotation": {"angle": -45, "axis": "y", "origin": [8, 8, 8]},
			"faces": {
				"north": {"uv": [0, 0, 0, 2], "texture": "#cross", "cullface": "down"},
				"east": {"uv": [6, 12, 7, 13], "texture": "#cross", "cullface": "down"},
				"south": {"uv": [0, 0, 0, 2], "texture": "#cross", "cullface": "down"},
				"west": {"uv": [6, 12, 7, 13], "texture": "#cross", "cullface": "down"}
			}
		},
		{
			"from": [8, -15, 5],
			"to": [8, -13, 6],
			"shade": false,
			"rotation": {"angle": -45, "axis": "y", "origin": [8, 8, 8]},
			"faces": {
				"north": {"uv": [0, 0, 0, 2], "texture": "#cross", "cullface": "down"},
				"east": {"uv": [5, 13, 6, 15], "texture": "#cross", "cullface": "down"},
				"south": {"uv": [0, 0, 0, 2], "texture": "#cross", "cullface": "down"},
				"west": {"uv": [5, 13, 6, 15], "texture": "#cross", "cullface": "down"}
			}
		},
		{
			"from": [8, -8, 1],
			"to": [8, -7, 2],
			"shade": false,
			"rotation": {"angle": -45, "axis": "y", "origin": [8, 8, 8]},
			"faces": {
				"north": {"uv": [0, 0, 0, 2], "texture": "#cross", "cullface": "down"},
				"east": {"uv": [1, 7, 2, 8], "texture": "#cross", "cullface": "down"},
				"south": {"uv": [0, 0, 0, 2], "texture": "#cross", "cullface": "down"},
				"west": {"uv": [1, 7, 2, 8], "texture": "#cross", "cullface": "down"}
			}
		},
		{
			"from": [8, -8, 0],
			"to": [8, -3, 1],
			"shade": false,
			"rotation": {"angle": -45, "axis": "y", "origin": [8, 8, 8]},
			"faces": {
				"north": {"uv": [0, 0, 0, 2], "texture": "#cross", "cullface": "down"},
				"east": {"uv": [0, 3, 1, 8], "texture": "#cross", "cullface": "down"},
				"south": {"uv": [0, 0, 0, 2], "texture": "#cross", "cullface": "down"},
				"west": {"uv": [0, 3, 1, 8], "texture": "#cross", "cullface": "down"}
			}
		},
		{
			"from": [8, -8, 14],
			"to": [8, -2, 15],
			"shade": false,
			"rotation": {"angle": -45, "axis": "y", "origin": [8, 8, 8]},
			"faces": {
				"north": {"uv": [0, 0, 0, 2], "texture": "#cross", "cullface": "down"},
				"east": {"uv": [14, 2, 15, 8], "texture": "#cross", "cullface": "down"},
				"south": {"uv": [0, 0, 0, 2], "texture": "#cross", "cullface": "down"},
				"west": {"uv": [14, 2, 15, 8], "texture": "#cross", "cullface": "down"}
			}
		},
		{
			"from": [8, -4, 13],
			"to": [8, -3, 14],
			"shade": false,
			"rotation": {"angle": -45, "axis": "y", "origin": [8, 8, 8]},
			"faces": {
				"north": {"uv": [0, 0, 0, 2], "texture": "#cross", "cullface": "down"},
				"east": {"uv": [13, 3, 14, 4], "texture": "#cross", "cullface": "down"},
				"south": {"uv": [0, 0, 0, 2], "texture": "#cross", "cullface": "down"},
				"west": {"uv": [13, 3, 14, 4], "texture": "#cross", "cullface": "down"}
			}
		},
		{
			"from": [8, -11, 10],
			"to": [8, -3, 11],
			"shade": false,
			"rotation": {"angle": -45, "axis": "y", "origin": [8, 8, 8]},
			"faces": {
				"north": {"uv": [0, 0, 0, 2], "texture": "#cross", "cullface": "down"},
				"east": {"uv": [10, 3, 11, 11], "texture": "#cross", "cullface": "down"},
				"south": {"uv": [0, 0, 0, 2], "texture": "#cross", "cullface": "down"},
				"west": {"uv": [10, 3, 11, 11], "texture": "#cross", "cullface": "down"}
			}
		},
		{
			"from": [8, -8, 9],
			"to": [8, -7, 10],
			"shade": false,
			"rotation": {"angle": -45, "axis": "y", "origin": [8, 8, 8]},
			"faces": {
				"north": {"uv": [0, 0, 0, 2], "texture": "#cross", "cullface": "down"},
				"east": {"uv": [9, 7, 10, 8], "texture": "#cross", "cullface": "down"},
				"south": {"uv": [0, 0, 0, 2], "texture": "#cross", "cullface": "down"},
				"west": {"uv": [9, 7, 10, 8], "texture": "#cross", "cullface": "down"}
			}
		},
		{
			"from": [8, -10, 13],
			"to": [8, -7, 14],
			"shade": false,
			"rotation": {"angle": -45, "axis": "y", "origin": [8, 8, 8]},
			"faces": {
				"north": {"uv": [0, 0, 0, 2], "texture": "#cross", "cullface": "down"},
				"east": {"uv": [13, 7, 14, 10], "texture": "#cross", "cullface": "down"},
				"south": {"uv": [0, 0, 0, 2], "texture": "#cross", "cullface": "down"},
				"west": {"uv": [13, 7, 14, 10], "texture": "#cross", "cullface": "down"}
			}
		},
		{
			"from": [8, -9, 11],
			"to": [8, -8, 13],
			"shade": false,
			"rotation": {"angle": -45, "axis": "y", "origin": [8, 8, 8]},
			"faces": {
				"north": {"uv": [0, 0, 0, 2], "texture": "#cross", "cullface": "down"},
				"east": {"uv": [13, 8, 11, 9], "texture": "#cross", "cullface": "down"},
				"south": {"uv": [0, 0, 0, 2], "texture": "#cross", "cullface": "down"},
				"west": {"uv": [11, 8, 13, 9], "texture": "#cross", "cullface": "down"}
			}
		},
		{
			"from": [8, -8, 11],
			"to": [8, -7, 12],
			"shade": false,
			"rotation": {"angle": -45, "axis": "y", "origin": [8, 8, 8]},
			"faces": {
				"north": {"uv": [0, 0, 0, 2], "texture": "#cross", "cullface": "down"},
				"east": {"uv": [11, 7, 12, 8], "texture": "#cross", "cullface": "down"},
				"south": {"uv": [0, 0, 0, 2], "texture": "#cross", "cullface": "down"},
				"west": {"uv": [11, 7, 12, 8], "texture": "#cross", "cullface": "down"}
			}
		},
		{
			"from": [8, -11, 12],
			"to": [8, -10, 13],
			"shade": false,
			"rotation": {"angle": -45, "axis": "y", "origin": [8, 8, 8]},
			"faces": {
				"north": {"uv": [0, 0, 0, 2], "texture": "#cross", "cullface": "down"},
				"east": {"uv": [12, 10, 13, 11], "texture": "#cross", "cullface": "down"},
				"south": {"uv": [0, 0, 0, 2], "texture": "#cross", "cullface": "down"},
				"west": {"uv": [12, 10, 13, 11], "texture": "#cross", "cullface": "down"}
			}
		},
		{
			"from": [8, -12, 11],
			"to": [8, -11, 12],
			"shade": false,
			"rotation": {"angle": -45, "axis": "y", "origin": [8, 8, 8]},
			"faces": {
				"north": {"uv": [0, 0, 0, 2], "texture": "#cross", "cullface": "down"},
				"east": {"uv": [11, 11, 12, 12], "texture": "#cross", "cullface": "down"},
				"south": {"uv": [0, 0, 0, 2], "texture": "#cross", "cullface": "down"},
				"west": {"uv": [11, 11, 12, 12], "texture": "#cross", "cullface": "down"}
			}
		},
		{
			"from": [8, -13, 10],
			"to": [8, -12, 11],
			"shade": false,
			"rotation": {"angle": -45, "axis": "y", "origin": [8, 8, 8]},
			"faces": {
				"north": {"uv": [0, 0, 0, 2], "texture": "#cross", "cullface": "down"},
				"east": {"uv": [10, 12, 11, 13], "texture": "#cross", "cullface": "down"},
				"south": {"uv": [0, 0, 0, 2], "texture": "#cross", "cullface": "down"},
				"west": {"uv": [10, 12, 11, 13], "texture": "#cross", "cullface": "down"}
			}
		},
		{
			"from": [8, -14, 11],
			"to": [8, -13, 12],
			"shade": false,
			"rotation": {"angle": -45, "axis": "y", "origin": [8, 8, 8]},
			"faces": {
				"north": {"uv": [0, 0, 0, 2], "texture": "#cross", "cullface": "down"},
				"east": {"uv": [11, 13, 12, 14], "texture": "#cross", "cullface": "down"},
				"south": {"uv": [0, 0, 0, 2], "texture": "#cross", "cullface": "down"},
				"west": {"uv": [11, 13, 12, 14], "texture": "#cross", "cullface": "down"}
			}
		},
		{
			"from": [8, -13, 14],
			"to": [8, -10, 15],
			"shade": false,
			"rotation": {"angle": -45, "axis": "y", "origin": [8, 8, 8]},
			"faces": {
				"north": {"uv": [0, 0, 0, 2], "texture": "#cross", "cullface": "down"},
				"east": {"uv": [14, 10, 15, 13], "texture": "#cross", "cullface": "down"},
				"south": {"uv": [0, 0, 0, 2], "texture": "#cross", "cullface": "down"},
				"west": {"uv": [14, 10, 15, 13], "texture": "#cross", "cullface": "down"}
			}
		}
	]
}