{
    "__createdwith": "opl's Model Creator",
	"ambientocclusion": "false",
    "textures": {
        "flowerpot": "block/flower_pot",
        "dirt": "block/dirt",
        "particle": "block/flower_pot"
    },
    "elements": [
        {
            "from": [5,0,5],
            "to": [6,4,11],
            "faces": {
                "west": {
                    "texture": "#flowerpot"
                },
                "north": {
                    "uv": [10,10,11,16],
                    "texture": "#flowerpot"
                },
                "south": {
                    "texture": "#flowerpot"
                }
            }
        },
        {
            "from": [10,0,5],
            "to": [11,4,11],
            "faces": {
                "east": {
                    "texture": "#flowerpot"
                },
                "north": {
                    "uv": [5,10,6,16],
                    "texture": "#flowerpot"
                },
                "south": {
                    "texture": "#flowerpot"
                }
            }
        },
        {
            "from": [6,0,5],
            "to": [10,4,6],
            "faces": {
                "north": {
                    "texture": "#flowerpot"
                }
            }
        },
        {
            "from": [6,0,10],
            "to": [10,4,11],
            "faces": {
                "south": {
                    "texture": "#flowerpot"
                }
            }
        },
        {
            "from": [5,0,5],
            "to": [11,4,11],
            "faces": {
                "up": {
                    "texture": "#dirt"
                },
                "down": {
                    "uv": [5,10,11,16],
                    "texture": "#flowerpot",
					"cullface": "down"
                }
            }
        },
        {
            "from": [4,4,4],
            "to": [5,6,12],
            "faces": {
                "up": {
                    "uv": [5,5,6,13],
                    "texture": "#flowerpot"
                },
                "down": {
                    "uv": [5,5,6,13],
                    "texture": "#flowerpot"
                },
                "west": {
                    "uv": [5,10,11,12],
                    "texture": "#flowerpot"
                },
                "east": {
                    "texture": "#flowerpot"
                }
            }
        },
        {
            "from": [11,4,4],
            "to": [12,6,12],
            "faces": {
                "up": {
                    "uv": [10,5,11,13],
                    "texture": "#flowerpot"
                },
                "down": {
                    "uv": [10,5,11,13],
                    "texture": "#flowerpot"
                },
                "west": {
                    "uv": [5,10,11,12],
                    "texture": "#flowerpot"
                },
                "east": {
                    "uv": [5,10,11,12],
                    "texture": "#flowerpot"
                }
            }
        },
        {
            "from": [4,4,4],
            "to": [12,6,5],
            "faces": {
                "up": {
                    "uv": [4,5,12,6],
                    "texture": "#flowerpot"
                },
                "down": {
                    "uv": [4,10,12,11],
                    "texture": "#flowerpot"
                },
                "north": {
                    "uv": [5,10,11,12],
                    "texture": "#flowerpot"
                },
                "south": {
                    "texture": "#flowerpot"
                }
            }
        },
        {
            "from": [4,4,11],
            "to": [12,6,12],
            "faces": {
                "up": {
                    "texture": "#flowerpot"
                },
                "down": {
                    "uv": [4,11,12,12],
                    "texture": "#flowerpot"
                },
                "north": {
                    "texture": "#flowerpot"
                },
                "south": {
                    "uv": [5,10,11,12],
                    "texture": "#flowerpot"
                }
            }
        }
    ]
}