{   "parent": "block/block",
    "textures": {
    "particle": "block/dirt",
    "bottom": "block/dirt",
    "top": "block/grass_block_top_inventory",
    "side": "block/grass_block_side_inventory"
},
"elements": [ 
{
    "from": [ 0, 0, 0 ],
    "to": [ 16, 16, 16 ],
    "faces": {
        "down":  { "uv": [ 0, 0, 16, 16 ], "texture": "#bottom" },
        "up":    { "uv": [ 0, 0, 16, 16 ], "texture": "#top" },
        "north": { "uv": [ 0, 0, 16, 16 ], "texture": "#side" },
        "south": { "uv": [ 0, 0, 16, 16 ], "texture": "#side" },
        "west":  { "uv": [ 0, 0, 16, 16 ], "texture": "#side" },
        "east":  { "uv": [ 0, 0, 16, 16 ], "texture": "#side" }
    }
}
]
}