{   "parent": "block/block",
    "textures": {
    "particle": "block/dirt",
    "bottom": "block/dirt",
    "top": "block/grass_block_top",
    "side": "block/dirt",
    "overlay": "block/grass_block_side_overlay",
    "overlay_top": "block/grass_block_top_overlay"
},
"elements": [ 
{
    "from": [ 0, 0, 0 ],
    "to": [ 16, 16, 16 ],
    "faces": {
        "down":  { "uv": [ 0, 0, 16, 16 ], "texture": "#bottom", "cullface": "down" },
        "up":    { "uv": [ 0, 0, 16, 16 ], "texture": "#top", "tintindex": 0, "cullface": "up" },
        "north": { "uv": [ 0, 0, 16, 16 ], "texture": "#side", "cullface": "north" },
        "south": { "uv": [ 0, 0, 16, 16 ], "texture": "#side", "cullface": "south" },
        "west":  { "uv": [ 0, 0, 16, 16 ], "texture": "#side", "cullface": "west" },
        "east":  { "uv": [ 0, 0, 16, 16 ], "texture": "#side", "cullface": "east" }
    }
},
{
    "from": [ 0, 0, 0 ],
    "to": [ 16, 16, 16 ],
    "faces": {
        "north": { "uv": [ 0, 0, 16, 16 ], "texture": "#overlay", "tintindex": 0, "cullface": "north" },
        "south": { "uv": [ 0, 0, 16, 16 ], "texture": "#overlay", "tintindex": 0, "cullface": "south" },
        "west":  { "uv": [ 0, 0, 16, 16 ], "texture": "#overlay", "tintindex": 0, "cullface": "west" },
        "east":  { "uv": [ 0, 0, 16, 16 ], "texture": "#overlay", "tintindex": 0, "cullface": "east" }
    }
},
{
    "from": [ 0, 16, 0 ],
    "to": [ 16, 16.5, 16 ],
    "faces": {
        "up":    { "uv": [ 0, 0, 16, 16 ], "texture": "#overlay_top", "cullface": "up" }
    }
}
]
}