{
    "ambientocclusion": true,
    "textures": {
        "edge": "block/iron_bars",
        "particle": "block/iron_bars",
        "bars": "block/iron_bars"
    },
    "elements": [
        {
            "from": [7,0,12],
            "to": [9,16,14],
            "faces": {
                "up": {
                    "uv": [12,0,14,2],
                    "texture": "#edge"
                },
                "down": {
                    "uv": [12,14,14,16],
                    "texture": "#edge"
                },
                "west": {
                    "uv": [12,0,14,16],
                    "texture": "#edge"
                },
                "east": {
                    "texture": "#edge"
                },
                "north": {
                    "texture": "#bars"
                },
                "south": {
                    "uv": [9,0,7,16],
                    "texture": "#bars"
                }
            }
        },
        {
            "from": [7,7,9],
            "to": [9,9,12],
            "faces": {
                "up": {
                    "uv": [12,0,14,3],
                    "texture": "#edge"
                },
                "down": {
                    "uv": [14,0,12,3],
                    "texture": "#edge"
                },
                "west": {
                    "uv": [9,7,12,9],
                    "texture": "#edge"
                },
                "east": {
                    "texture": "#edge"
                },
                "north": {
                    "uv": [0,7,2,9],
                    "texture": "#edge"
                }
            }
        },
        {
            "from": [7,7,14],
            "to": [9,9,16],
            "faces": {
                "up": {
                    "uv": [14,7,16,9],
                    "texture": "#edge"
                },
                "down": {
                    "uv": [14,7,16,9],
                    "texture": "#edge"
                },
                "west": {
                    "uv": [14,7,16,9],
                    "texture": "#edge"
                },
                "east": {
                    "uv": [14,7,16,9],
                    "texture": "#edge"
                },
                "south": {
                    "uv": [14,7,16,9],
                    "texture": "#edge"
                }
            }
        },
        {
            "from": [7,0,7],
            "to": [9,16,9],
            "faces": {
                "up": {
                    "uv": [2,0,4,2],
                    "texture": "#edge"
                },
                "down": {
                    "uv": [2,14,4,16],
                    "texture": "#edge"
                },
                "west": {
                    "texture": "#edge"
                },
                "east": {
                    "texture": "#bars"
                },
                "north": {
                    "texture": "#bars"
                },
                "south": {
                    "texture": "#bars"
                }
            }
        }
    ]
}