{
    "ambientocclusion": true,
    "textures": {
        "edge": "block/iron_bars",
        "particle": "block/iron_bars",
        "bars": "block/iron_bars"
    },
    "elements": [
        {
            "from": [ 7.001, 0, 7.001 ],
            "to": [ 8.999, 16, 8.999 ],
            "faces": {
                "west": {
                    "uv": [ 8, 0, 7, 16 ],
                    "texture": "#bars"
                },
                "east": {
                    "uv": [ 7, 0, 8, 16 ],
                    "texture": "#bars"
                }
            }
        },
        {
            "from": [ 7.001, 0, 7.001 ],
            "to": [ 8.999, 16, 8.999 ],
            "faces": {
                "west": {
                    "texture": "#edge"
                },
                "east": {
                    "texture": "#edge"
                },
                "north": {
                    "uv": [ 9, 0, 7, 16 ],
                    "texture": "#bars"
                },
                "south": {
                    "uv": [ 7, 0, 9, 16 ],
                    "texture": "#bars"
                }
            }
        }
    ]
}