{
    "ambientocclusion": true,
    "textures": {
        "edge": "block/iron_bars",
        "particle": "block/iron_bars",
        "bars": "block/iron_bars"
    },
    "elements": [
        {
            "from": [7,0,2],
            "to": [9,16,4],
            "faces": {
                "up": {
                    "uv": [7,0,9,2],
                    "texture": "#edge"
                },
                "down": {
                    "uv": [7,14,9,16],
                    "texture": "#edge"
                },
                "west": {
                    "texture": "#edge"
                },
                "east": {
                    "texture": "#edge"
                },
                "north": {
                    "texture": "#bars"
                },
                "south": {
                    "uv": [9,0,7,16],
                    "texture": "#bars"
                }
            }
        },
        {
            "from": [7,7,4],
            "to": [9,9,7],
            "faces": {
                "up": {
                    "uv": [2,0,4,3],
                    "texture": "#edge"
                },
                "down": {
                    "uv": [4,0,2,3],
                    "texture": "#edge"
                },
                "west": {
                    "texture": "#edge"
                },
                "east": {
                    "texture": "#edge"
                },
                "north": {
                    "uv": [0,7,2,9],
                    "texture": "#edge"
                }
            }
        },
        {
            "from": [7,7,0],
            "to": [9,9,2],
            "faces": {
                "up": {
                    "uv": [0,7,2,9],
                    "texture": "#edge"
                },
                "down": {
                    "uv": [0,7,2,9],
                    "texture": "#edge"
                },
                "west": {
                    "texture": "#edge"
                },
                "east": {
                    "texture": "#edge"
                },
                "north": {
                    "uv": [0,7,2,9],
                    "texture": "#edge"
                }
            }
        },
        {
            "from": [7,0,7],
            "to": [9,16,9],
            "faces": {
                "up": {
                    "uv": [2,0,4,2],
                    "texture": "#edge"
                },
                "down": {
                    "uv": [2,14,4,16],
                    "texture": "#edge"
                },
                "west": {
                    "texture": "#edge"
                },
                "east": {
                    "texture": "#bars"
                },
                "north": {
                    "texture": "#bars"
                },
                "south": {
                    "texture": "#bars"
                }
            }
        }
    ]
}