{
    "__createdwith": "opl's Model Creator",
    "parent": "block/template_orientable_trapdoor_top",
    "textures": {
        "side": "block/jungle_trapdoor_side",
        "particle": "block/jungle_trapdoor"
    },
    "elements": [
        {
            "from": [11,13,0],
            "to": [16,16,5],
            "faces": {
                "up": {
                    "uv": [5,16,0,11],
                    "texture": "#particle",
                    "cullface": "up"
                },
                "down": {
                    "uv": [11,11,16,16],
                    "texture": "#particle"
                },
                "west": {
                    "uv": [0.0,10.0,5.0,13.0],
                    "texture": "#side"
                },
                "east": {
                    "uv": [11.0,10.0,16.0,13.0],
                    "texture": "#side",
                    "cullface": "east"
                },
                "north": {
                    "uv": [0.0,13.0,5.0,16.0],
                    "texture": "#side",
                    "cullface": "north"
                },
                "south": {
                    "uv": [11.0,13.0,16.0,16.0],
                    "texture": "#side"
                }
            }
        },
        {
            "from": [0,13,0],
            "to": [5,16,5],
            "faces": {
                "up": {
                    "uv": [16,16,11,11],
                    "texture": "#particle",
                    "cullface": "up"
                },
                "down": {
                    "uv": [0,11,5,16],
                    "texture": "#particle"
                },
                "west": {
                    "uv": [0.0,10.0,5.0,13.0],
                    "texture": "#side",
                    "cullface": "west"
                },
                "east": {
                    "uv": [11.0,10.0,16.0,13.0],
                    "texture": "#side"
                },
                "north": {
                    "uv": [11.0,13.0,16.0,16.0],
                    "texture": "#side",
                    "cullface": "north"
                },
                "south": {
                    "uv": [0.0,13.0,5.0,16.0],
                    "texture": "#side"
                }
            }
        },
        {
            "from": [5,13,0],
            "to": [11,16,4],
            "faces": {
                "up": {
                    "uv": [11,16,5,12],
                    "texture": "#particle",
                    "cullface": "up"
                },
                "down": {
                    "uv": [5,12,11,16],
                    "texture": "#particle"
                },
                "west": {
                    "texture": "#particle"
                },
                "north": {
                    "uv": [5.0,13.0,11.0,16.0],
                    "texture": "#side",
                    "cullface": "north"
                },
                "south": {
                    "texture": "#side"
                }
            }
        },
        {
            "from": [0,13,5],
            "to": [4,16,7],
            "faces": {
                "up": {
                    "uv": [16,11,12,9],
                    "texture": "#particle",
                    "cullface": "up"
                },
                "down": {
                    "uv": [0,9,4,11],
                    "texture": "#particle"
                },
                "west": {
                    "uv": [5.0,10.0,7.0,13.0],
                    "texture": "#side",
                    "cullface": "west"
                },
                "east": {
                    "uv": [9.0,10.0,11.0,13.0],
                    "texture": "#side"
                }
            }
        },
        {
            "from": [12,13,5],
            "to": [16,16,7],
            "faces": {
                "up": {
                    "uv": [4,11,0,9],
                    "texture": "#particle",
                    "cullface": "up"
                },
                "down": {
                    "uv": [12,9,16,11],
                    "texture": "#particle"
                },
                "west": {
                    "uv": [5.0,10.0,7.0,13.0],
                    "texture": "#side"
                },
                "east": {
                    "uv": [9.0,10.0,11.0,13.0],
                    "texture": "#side",
                    "cullface": "east"
                }
            }
        },
        {
            "from": [0,13,7],
            "to": [16,16,9],
            "faces": {
                "up": {
                    "uv": [16,9,0,7],
                    "texture": "#particle",
                    "cullface": "up"
                },
                "down": {
                    "texture": "#particle"
                },
                "west": {
                    "uv": [7.0,10.0,9.0,13.0],
                    "texture": "#side",
                    "cullface": "west"
                },
                "east": {
                    "uv": [7.0,10.0,9.0,13.0],
                    "texture": "#side",
                    "cullface": "east"
                },
                "north": {
                    "uv": [0.0,13.0,16.0,16.0],
                    "texture": "#side"
                },
                "south": {
                    "texture": "#side"
                }
            }
        },
        {
            "from": [13,13,9],
            "to": [16,16,12],
            "faces": {
                "up": {
                    "uv": [3,7,0,4],
                    "texture": "#particle",
                    "cullface": "up"
                },
                "down": {
                    "uv": [13,4,16,7],
                    "texture": "#particle"
                },
                "west": {
                    "uv": [9.0,10.0,12.0,13.0],
                    "texture": "#side"
                },
                "east": {
                    "uv": [4.0,10.0,7.0,13.0],
                    "texture": "#side",
                    "cullface": "east"
                }
            }
        },
        {
            "from": [11,13,12],
            "to": [16,16,16],
            "faces": {
                "up": {
                    "uv": [5,4,0,0],
                    "texture": "#particle",
                    "cullface": "up"
                },
                "down": {
                    "uv": [11,0,16,4],
                    "texture": "#particle"
                },
                "west": {
                    "uv": [12.0,10.0,16.0,13.0],
                    "texture": "#side"
                },
                "east": {
                    "uv": [0.0,10.0,4.0,13.0],
                    "texture": "#side",
                    "cullface": "east"
                },
                "north": {
                    "uv": [0.0,13.0,5.0,16.0],
                    "texture": "#side"
                },
                "south": {
                    "uv": [11.0,13.0,16.0,16.0],
                    "texture": "#side",
                    "cullface": "south"
                }
            }
        },
        {
            "from": [0,13,12],
            "to": [5,16,16],
            "faces": {
                "up": {
                    "uv": [16,4,11,0],
                    "texture": "#particle",
                    "cullface": "up"
                },
                "down": {
                    "uv": [0,0,5,4],
                    "texture": "#particle"
                },
                "west": {
                    "uv": [12.0,10.0,16.0,13.0],
                    "texture": "#side",
                    "cullface": "west"
                },
                "east": {
                    "uv": [0.0,10.0,4.0,13.0],
                    "texture": "#side"
                },
                "north": {
                    "uv": [11.0,13.0,16.0,16.0],
                    "texture": "#side"
                },
                "south": {
                    "uv": [0.0,13.0,5.0,16.0],
                    "texture": "#side",
                    "cullface": "south"
                }
            }
        },
        {
            "from": [0,13,9],
            "to": [3,16,12],
            "faces": {
                "up": {
                    "uv": [16,7,13,4],
                    "texture": "#particle",
                    "cullface": "up"
                },
                "down": {
                    "uv": [0,4,3,7],
                    "texture": "#particle"
                },
                "west": {
                    "uv": [9.0,10.0,12.0,13.0],
                    "texture": "#side",
                    "cullface": "west"
                },
                "east": {
                    "uv": [4.0,10.0,7.0,13.0],
                    "texture": "#side"
                }
            }
        },
        {
            "from": [5,13,13],
            "to": [11,16,16],
            "faces": {
                "up": {
                    "uv": [11,3,5,0],
                    "texture": "#particle",
                    "cullface": "up"
                },
                "down": {
                    "uv": [5,0,11,3],
                    "texture": "#particle"
                },
                "north": {
                    "uv": [5.0,13.0,11.0,16.0],
                    "texture": "#side"
                },
                "south": {
                    "uv": [5.0,13.0,11.0,16.0],
                    "texture": "#side",
                    "cullface": "south"
                }
            }
        },
        {
            "from": [3,13,11],
            "to": [4,16,12],
            "faces": {
                "up": {
                    "uv": [13,5,12,4],
                    "texture": "#particle",
                    "cullface": "up"
                },
                "down": {
                    "uv": [3,4,4,5],
                    "texture": "#particle"
                },
                "east": {
                    "uv": [4.0,10.0,5.0,13.0],
                    "texture": "#side"
                },
                "north": {
                    "uv": [12.0,13.0,13.0,16.0],
                    "texture": "#side"
                }
            }
        },
        {
            "from": [12,13,11],
            "to": [13,16,12],
            "faces": {
                "up": {
                    "uv": [4,5,3,4],
                    "texture": "#particle",
                    "cullface": "up"
                },
                "down": {
                    "uv": [3,4,4,5],
                    "texture": "#particle"
                },
                "west": {
                    "uv": [11.0,10.0,12.0,13.0],
                    "texture": "#side"
                },
                "north": {
                    "uv": [3.0,13.0,4.0,16.0],
                    "texture": "#side"
                }
            }
        },
        {
            "from": [6,13,4],
            "to": [7,16,13],
            "faces": {
                "up": {
                    "uv": [10,12,9,3],
                    "texture": "#particle",
                    "cullface": "up"
                },
                "down": {
                    "uv": [6,3,7,12],
                    "texture": "#particle"
                },
                "west": {
                    "uv": [4.0,10.0,13.0,13.0],
                    "texture": "#side"
                },
                "east": {
                    "uv": [3.0,10.0,12.0,13.0],
                    "texture": "#side"
                }
            }
        },
        {
            "from": [9,13,4],
            "to": [10,16,13],
            "faces": {
                "up": {
                    "uv": [7,12,6,3],
                    "texture": "#particle",
                    "cullface": "up"
                },
                "down": {
                    "uv": [9,3,10,12],
                    "texture": "#particle"
                },
                "west": {
                    "uv": [4.0,10.0,13.0,13.0],
                    "texture": "#side"
                },
                "east": {
                    "uv": [3.0,10.0,12.0,13.0],
                    "texture": "#side"
                }
            }
        }
    ]
}