{
    "__createdwith": "opl's Model Creator",
    "parent": "block/door_top",
    "textures": {
        "side": "block/jungle_door_side",
        "particle": "block/jungle_door_top"
    },
    "elements": [
        {
            "from": [0,0,0],
            "to": [3,16,4],
            "faces": {
                "up": {
                    "texture": "#side",
					"cullface": "up"
                },
                "west": {
                    "texture": "#particle",
					"cullface": "west"
                },
                "east": {
                    "uv": [4,0,0,16],
                    "texture": "#particle"
                },
                "north": {
                    "uv": [6,0,9,16],
                    "texture": "#side",
					"cullface": "north"
                },
                "south": {
                    "uv": [3,0,6,16],
                    "texture": "#side"
                }
            }
        },
        {
            "from": [0,0,4],
            "to": [3,4,12],
            "faces": {
                "up": {
                    "texture": "#side",
					"cullface": "up"
                },
                "west": {
                    "texture": "#particle",
					"cullface": "west"
                },
                "east": {
                    "uv": [12,12,4,16],
                    "texture": "#particle"
                }
            }
        },
        {
            "from": [0,0,12],
            "to": [3,16,16],
            "faces": {
                "up": {
                    "texture": "#side",
					"cullface": "up"
                },
                "west": {
                    "texture": "#particle",
					"cullface": "west"
                },
                "east": {
                    "uv": [16,0,12,16],
                    "texture": "#particle"
                },
                "north": {
                    "uv": [6,0,9,16],
                    "texture": "#side"
                },
                "south": {
                    "uv": [6,0,9,16],
                    "texture": "#side",
					"cullface": "south"
                }
            }
        },
        {
            "from": [0,13,4],
            "to": [3,16,12],
            "faces": {
                "up": {
                    "texture": "#side",
					"cullface": "up"
                },
                "down": {
                    "uv": [3,4,6,12],
                    "texture": "#side"
                },
                "west": {
                    "texture": "#particle",
					"cullface": "west"
                },
                "east": {
                    "uv": [12,0,4,3],
                    "texture": "#particle"
                }
            }
        },
        {
            "from": [0,4,10],
            "to": [3,8,12],
            "faces": {
                "up": {
                    "texture": "#side"
                },
                "west": {
                    "texture": "#particle",
					"cullface": "west"
                },
                "east": {
                    "uv": [12,8,10,12],
                    "texture": "#particle"
                },
                "north": {
                    "uv": [6,8,9,12],
                    "texture": "#side"
                }
            }
        },
        {
            "from": [0,4,4],
            "to": [3,8,6],
            "faces": {
                "up": {
                    "texture": "#side"
                },
                "west": {
                    "texture": "#particle",
					"cullface": "west"
                },
                "east": {
                    "uv": [6,8,4,12],
                    "texture": "#particle"
                },
                "south": {
                    "uv": [6,8,9,12],
                    "texture": "#side"
                }
            }
        },
        {
            "from": [0,4,6],
            "to": [3,5,7],
            "faces": {
                "up": {
                    "texture": "#side"
                },
                "west": {
                    "texture": "#particle",
					"cullface": "west"
                },
                "east": {
                    "uv": [7,11,6,12],
                    "texture": "#particle"
                },
                "south": {
                    "uv": [6,11,9,12],
                    "texture": "#side"
                }
            }
        },
        {
            "from": [0,4,9],
            "to": [3,5,10],
            "faces": {
                "up": {
                    "texture": "#side"
                },
                "west": {
                    "texture": "#particle",
					"cullface": "west"
                },
                "east": {
                    "uv": [10,11,9,12],
                    "texture": "#particle"
                },
                "north": {
                    "uv": [6,11,9,12],
                    "texture": "#side"
                }
            }
        },
        {
            "from": [0,6,6],
            "to": [3,8,10],
            "faces": {
                "up": {
                    "texture": "#side"
                },
                "down": {
                    "uv": [3,6,6,10],
                    "texture": "#side"
                },
                "west": {
                    "texture": "#particle",
					"cullface": "west"
                },
                "east": {
                    "uv": [10,8,6,10],
                    "texture": "#particle"
                }
            }
        },
        {
            "from": [0,8,9],
            "to": [3,13,10],
            "faces": {
                "west": {
                    "texture": "#particle",
					"cullface": "west"
                },
                "east": {
                    "uv": [10,3,9,8],
                    "texture": "#particle"
                },
                "north": {
                    "uv": [6,3,9,8],
                    "texture": "#side"
                },
                "south": {
                    "uv": [6,3,9,8],
                    "texture": "#side"
                }
            }
        },
        {
            "from": [0,8,6],
            "to": [3,13,7],
            "faces": {
                "west": {
                    "texture": "#particle",
					"cullface": "west"
                },
                "east": {
                    "uv": [7,3,6,8],
                    "texture": "#particle"
                },
                "north": {
                    "uv": [6,3,9,8],
                    "texture": "#side"
                },
                "south": {
                    "uv": [6,3,9,8],
                    "texture": "#side"
                }
            }
        },
        {
            "from": [0,11,4],
            "to": [3,13,5],
            "faces": {
                "down": {
                    "uv": [3,4,6,5],
                    "texture": "#side"
                },
                "west": {
                    "texture": "#particle",
					"cullface": "west"
                },
                "east": {
                    "uv": [5,3,4,5],
                    "texture": "#particle"
                },
                "south": {
                    "uv": [3,3,6,5],
                    "texture": "#side"
                }
            }
        },
        {
            "from": [0,11,11],
            "to": [3,13,12],
            "faces": {
                "down": {
                    "uv": [3,11,6,12],
                    "texture": "#side"
                },
                "west": {
                    "texture": "#particle",
					"cullface": "west"
                },
                "east": {
                    "uv": [12,3,11,5],
                    "texture": "#particle"
                },
                "north": {
                    "uv": [3,3,6,5],
                    "texture": "#side"
                }
            }
        },
        {
            "from": [0,12,10],
            "to": [3,13,11],
            "faces": {
                "down": {
                    "uv": [3,10,6,11],
                    "texture": "#side"
                },
                "west": {
                    "texture": "#particle",
					"cullface": "west"
                },
                "east": {
                    "uv": [11,3,10,4],
                    "texture": "#particle"
                }
            }
        },
        {
            "from": [0,12,5],
            "to": [3,13,6],
            "faces": {
                "down": {
                    "uv": [3,5,6,6],
                    "texture": "#side"
                },
                "west": {
                    "texture": "#particle",
					"cullface": "west"
                },
                "east": {
                    "uv": [6,3,5,4],
                    "texture": "#particle"
                }
            }
        }
    ]
}