{
    "__createdwith": "opl's Model Creator",
    "parent": "block/template_orientable_trapdoor_open",
    "textures": {
        "side": "block/jungle_trapdoor_side",
        "particle": "block/jungle_trapdoor"
    },
    "elements": [
        {
            "from": [11,11,13],
            "to": [16,16,16],
            "faces": {
                "up": {
                    "uv": [5,13,0,10],
                    "texture": "#side",
                    "cullface": "up"
                },
                "down": {
                    "uv": [0,13,5,16],
                    "texture": "#side"
                },
                "west": {
                    "uv": [0,10,5,13],
                    "texture": "#side",
                    "rotation": 90
                },
                "east": {
                    "uv": [16,13,11,10],
                    "texture": "#side",
                    "cullface": "east",
                    "rotation": 90
                },
                "north": {
                    "uv": [16,16,11,11],
                    "texture": "#particle"
                },
                "south": {
                    "uv": [5,16,0,11],
                    "texture": "#particle",
                    "cullface": "south"
                }
            }
        },
        {
            "from": [0,11,13],
            "to": [5,16,16],
            "faces": {
                "up": {
                    "uv": [16,13,11,10],
                    "texture": "#side",
                    "cullface": "up"
                },
                "down": {
                    "uv": [11,13,16,16],
                    "texture": "#side"
                },
                "west": {
                    "uv": [0,10,5,13],
                    "texture": "#side",
                    "cullface": "west",
                    "rotation": 90
                },
                "east": {
                    "uv": [16,13,11,10],
                    "texture": "#side",
                    "rotation": 90
                },
                "north": {
                    "uv": [5,16,0,11],
                    "texture": "#particle"
                },
                "south": {
                    "uv": [16,16,11,11],
                    "texture": "#particle",
                    "cullface": "south"
                }
            }
        },
        {
            "from": [5,12,13],
            "to": [11,16,16],
            "faces": {
                "up": {
                    "uv": [11,13,5,10],
                    "texture": "#side",
                    "cullface": "up"
                },
                "down": {
                    "uv": [5,13,11,16],
                    "texture": "#side"
                },
                "north": {
                    "uv": [11,16,5,12],
                    "texture": "#particle"
                },
                "south": {
                    "uv": [11,16,5,12],
                    "texture": "#particle",
                    "cullface": "south"
                }
            }
        },
        {
            "from": [0,9,13],
            "to": [4,11,16],
            "faces": {
                "west": {
                    "uv": [5,10,7,13],
                    "texture": "#side",
                    "cullface": "west",
                    "rotation": 90
                },
                "east": {
                    "uv": [11,13,9,10],
                    "texture": "#side",
                    "rotation": 90
                },
                "north": {
                    "uv": [4,11,0,9],
                    "texture": "#particle"
                },
                "south": {
                    "uv": [16,11,12,9],
                    "texture": "#particle",
                    "cullface": "south"
                }
            }
        },
        {
            "from": [12,9,13],
            "to": [16,11,16],
            "faces": {
                "west": {
                    "uv": [5,10,7,13],
                    "texture": "#side",
                    "rotation": 90
                },
                "east": {
                    "uv": [11,13,9,10],
                    "texture": "#side",
                    "cullface": "east",
                    "rotation": 90
                },
                "north": {
                    "uv": [16,11,12,9],
                    "texture": "#particle"
                },
                "south": {
                    "uv": [4,11,0,9],
                    "texture": "#particle",
                    "cullface": "south"
                }
            }
        },
        {
            "from": [0,7,13],
            "to": [16,9,16],
            "faces": {
                "up": {
                    "uv": [16,13,0,10],
                    "texture": "#side"
                },
                "down": {
                    "uv": [0,13,16,16],
                    "texture": "#side"
                },
                "west": {
                    "uv": [7,10,9,13],
                    "texture": "#side",
                    "cullface": "west",
                    "rotation": 90
                },
                "east": {
                    "uv": [9,13,7,10],
                    "texture": "#side",
                    "cullface": "east",
                    "rotation": 90
                },
                "north": {
                    "uv": [16,9,0,7],
                    "texture": "#particle"
                },
                "south": {
                    "uv": [16,9,0,7],
                    "texture": "#particle",
                    "cullface": "south"
                }
            }
        },
        {
            "from": [13,4,13],
            "to": [16,7,16],
            "faces": {
                "west": {
                    "uv": [9,10,12,13],
                    "texture": "#side",
                    "rotation": 90
                },
                "east": {
                    "uv": [7,13,4,10],
                    "texture": "#side",
                    "cullface": "east",
                    "rotation": 90
                },
                "north": {
                    "uv": [16,7,13,4],
                    "texture": "#particle"
                },
                "south": {
                    "uv": [3,7,0,4],
                    "texture": "#particle",
                    "cullface": "south"
                }
            }
        },
        {
            "from": [11,0,13],
            "to": [16,4,16],
            "faces": {
                "up": {
                    "uv": [5,13,0,10],
                    "texture": "#side"
                },
                "down": {
                    "uv": [11,13,16,16],
                    "texture": "#side",
                    "cullface": "down"
                },
                "west": {
                    "uv": [13,10,16,13],
                    "texture": "#side",
                    "rotation": 90
                },
                "east": {
                    "uv": [4,13,0,10],
                    "texture": "#side",
                    "cullface": "east",
                    "rotation": 90
                },
                "north": {
                    "uv": [16,4,11,0],
                    "texture": "#particle"
                },
                "south": {
                    "uv": [5,4,0,0],
                    "texture": "#particle",
                    "cullface": "south"
                }
            }
        },
        {
            "from": [0,0,13],
            "to": [5,4,16],
            "faces": {
                "up": {
                    "uv": [16,13,11,10],
                    "texture": "#side"
                },
                "down": {
                    "uv": [0,13,5,16],
                    "texture": "#side",
                    "cullface": "down"
                },
                "west": {
                    "uv": [12,10,16,13],
                    "texture": "#side",
                    "cullface": "west",
                    "rotation": 90
                },
                "east": {
                    "uv": [4,13,0,10],
                    "texture": "#side",
                    "rotation": 90
                },
                "north": {
                    "uv": [5,4,0,0],
                    "texture": "#particle"
                },
                "south": {
                    "uv": [16,4,11,0],
                    "texture": "#particle",
                    "cullface": "south"
                }
            }
        },
        {
            "from": [0,4,13],
            "to": [3,7,16],
            "faces": {
                "west": {
                    "uv": [9,10,12,13],
                    "texture": "#side",
                    "cullface": "west",
                    "rotation": 90
                },
                "east": {
                    "uv": [7,13,4,10],
                    "texture": "#side",
                    "rotation": 90
                },
                "north": {
                    "uv": [3,7,0,4],
                    "texture": "#particle"
                },
                "south": {
                    "uv": [16,7,13,4],
                    "texture": "#particle",
                    "cullface": "south"
                }
            }
        },
        {
            "from": [5,0,13],
            "to": [11,3,16],
            "faces": {
                "up": {
                    "uv": [11,13,5,10],
                    "texture": "#side"
                },
                "down": {
                    "uv": [5,13,11,16],
                    "texture": "#side",
                    "cullface": "down"
                },
                "north": {
                    "uv": [11,3,5,0],
                    "texture": "#particle"
                },
                "south": {
                    "uv": [11,3,5,0],
                    "texture": "#particle",
                    "cullface": "south"
                }
            }
        },
        {
            "from": [3,4,13],
            "to": [4,5,16],
            "faces": {
                "up": {
                    "uv": [13,13,12,10],
                    "texture": "#side"
                },
                "east": {
                    "uv": [5,13,4,10],
                    "texture": "#side",
                    "rotation": 90
                },
                "north": {
                    "uv": [3,4,4,5],
                    "texture": "#particle"
                },
                "south": {
                    "uv": [13,5,12,4],
                    "texture": "#particle",
                    "cullface": "south"
                }
            }
        },
        {
            "from": [12,4,13],
            "to": [13,5,16],
            "faces": {
                "up": {
                    "uv": [4,13,3,10],
                    "texture": "#side"
                },
                "west": {
                    "uv": [12,10,13,13],
                    "texture": "#side",
                    "rotation": 90
                },
                "north": {
                    "uv": [12,4,13,5],
                    "texture": "#particle"
                },
                "south": {
                    "uv": [4,5,3,4],
                    "texture": "#particle",
                    "cullface": "south"
                }
            }
        },
        {
            "from": [6,3,13],
            "to": [7,12,16],
            "faces": {
                "west": {
                    "uv": [4,10,13,13],
                    "texture": "#side",
                    "rotation": 90
                },
                "east": {
                    "uv": [12,13,3,10],
                    "texture": "#side",
                    "rotation": 90
                },
                "north": {
                    "uv": [7,12,6,3],
                    "texture": "#particle"
                },
                "south": {
                    "uv": [10,12,9,3],
                    "texture": "#particle",
                    "cullface": "south"
                }
            }
        },
        {
            "from": [9,3,13],
            "to": [10,12,16],
            "faces": {
                "west": {
                    "uv": [4,10,13,13],
                    "texture": "#side",
                    "rotation": 90
                },
                "east": {
                    "uv": [12,13,3,10],
                    "texture": "#side",
                    "rotation": 90
                },
                "north": {
                    "uv": [10,12,9,3],
                    "texture": "#particle"
                },
                "south": {
                    "uv": [7,12,6,3],
                    "texture": "#particle",
                    "cullface": "south"
                }
            }
        }
    ]
}