{
    "ambientocclusion": true,
    "textures": {
        "texture": "block/ladder",
        "particle": "block/ladder"
    },
    "elements": [
        {
            "from": [12,0,14],
            "to": [14,16,16],
            "faces": {
                "up": {
                    "uv": [2,0,4,2],
                    "texture": "#texture"
                },
                "down": {
                    "uv": [2,0,4,2],
                    "texture": "#texture"
                },
                "west": {
                    "uv": [2,0,4,16],
                    "texture": "#texture"
                },
                "east": {
                    "uv": [2,0,4,16],
                    "texture": "#texture"
                },
                "north": {
                    "uv": [2,0,4,16],
                    "texture": "#texture"
                },
                "south": {
                    "texture": "#texture"
                }
            }
        },
        {
            "from": [2,0,14],
            "to": [4,16,16],
            "faces": {
                "up": {
                    "uv": [12,0,14,2],
                    "texture": "#texture"
                },
                "down": {
                    "uv": [12,0,14,2],
                    "texture": "#texture"
                },
                "west": {
                    "uv": [12,0,14,16],
                    "texture": "#texture"
                },
                "east": {
                    "uv": [12,0,14,16],
                    "texture": "#texture"
                },
                "north": {
                    "uv": [12,0,14,16],
                    "texture": "#texture"
                },
                "south": {
                    "texture": "#texture"
                }
            }
        },
        {
            "from": [1,13,13],
            "to": [15,15,14],
            "faces": {
                "up": {
                    "uv": [15,1,1,2],
                    "texture": "#texture"
                },
                "down": {
                    "uv": [15,2,1,3],
                    "texture": "#texture"
                },
                "west": {
                    "uv": [14,1,15,3],
                    "texture": "#texture"
                },
                "east": {
                    "uv": [1,1,2,3],
                    "texture": "#texture"
                },
                "north": {
                    "texture": "#texture"
                },
                "south": {
                    "texture": "#texture"
                }
            }
        },
        {
            "from": [1,9,13],
            "to": [15,11,14],
            "faces": {
                "up": {
                    "uv": [15,5,1,6],
                    "texture": "#texture"
                },
                "down": {
                    "uv": [15,6,1,7],
                    "texture": "#texture"
                },
                "west": {
                    "uv": [14,5,15,7],
                    "texture": "#texture"
                },
                "east": {
                    "uv": [1,5,2,7],
                    "texture": "#texture"
                },
                "north": {
                    "texture": "#texture"
                },
                "south": {
                    "texture": "#texture"
                }
            }
        },
        {
            "from": [1,5,13],
            "to": [15,7,14],
            "faces": {
                "up": {
                    "uv": [15,9,1,10],
                    "texture": "#texture"
                },
                "down": {
                    "uv": [15,10,1,11],
                    "texture": "#texture"
                },
                "west": {
                    "uv": [14,9,15,11],
                    "texture": "#texture"
                },
                "east": {
                    "uv": [1,9,2,11],
                    "texture": "#texture"
                },
                "north": {
                    "texture": "#texture"
                },
                "south": {
                    "texture": "#texture"
                }
            }
        },
        {
            "from": [1,1,13],
            "to": [15,3,14],
            "faces": {
                "up": {
                    "uv": [15,13,1,14],
                    "texture": "#texture"
                },
                "down": {
                    "uv": [15,14,1,15],
                    "texture": "#texture"
                },
                "west": {
                    "uv": [14,13,15,15],
                    "texture": "#texture"
                },
                "east": {
                    "uv": [1,13,2,15],
                    "texture": "#texture"
                },
                "north": {
                    "texture": "#texture"
                },
                "south": {
                    "texture": "#texture"
                }
            }
        }
    ]
}