{"ambientocclusion": true,
    "textures": {
        "texture": "block/lily_pad",
        "particle": "block/lily_pad"
    },
    "elements": [
        {
            "from": [1,-1,1],
            "to": [15,-1,15],
            "faces": {
                "up": {
                    "uv": [15,1,1,15],
                    "texture": "#texture"
                },
                "down": {
                    "uv": [15,15,1,1],
                    "texture": "#texture"
                }
            }
        },
        {
            "from": [14,-1,4],
            "to": [14,0,11],
            "faces": {
                "west": {
                    "uv": [14,4,15,11],
                    "texture": "#texture"
                },
                "east": {
                    "uv": [14,4,15,11],
                    "texture": "#texture"
                }
            }
        },
        {
            "from": [1,-1,4],
            "to": [1,0,11],
            "faces": {
                "west": {
                    "uv": [14,4,15,11],
                    "texture": "#texture"
                },
                "east": {
                    "uv": [14,4,15,11],
                    "texture": "#texture"
                }
            }
        },
        {
            "from": [2,-1,11],
            "to": [2,0,13],
            "faces": {
                "west": {
                    "uv": [14,4,15,11],
                    "texture": "#texture"
                },
                "east": {
                    "uv": [14,4,15,11],
                    "texture": "#texture"
                }
            }
        },
        {
            "from": [3,-1,13],
            "to": [3,0,14],
            "faces": {
                "west": {
                    "uv": [14,4,15,11],
                    "texture": "#texture"
                },
                "east": {
                    "uv": [14,4,15,11],
                    "texture": "#texture"
                }
            }
        },
        {
            "from": [5,-1,14],
            "to": [5,0,15],
            "faces": {
                "west": {
                    "uv": [14,4,15,11],
                    "texture": "#texture"
                },
                "east": {
                    "uv": [14,4,15,11],
                    "texture": "#texture"
                }
            }
        },
        {
            "from": [10,-1,14],
            "to": [10,0,15],
            "faces": {
                "west": {
                    "uv": [14,4,15,11],
                    "texture": "#texture"
                },
                "east": {
                    "uv": [14,4,15,11],
                    "texture": "#texture"
                }
            }
        },
        {
            "from": [12,-1,13],
            "to": [12,0,14],
            "faces": {
                "west": {
                    "uv": [14,4,15,11],
                    "texture": "#texture"
                },
                "east": {
                    "uv": [14,4,15,11],
                    "texture": "#texture"
                }
            }
        },
        {
            "from": [13,-1,11],
            "to": [13,0,13],
            "faces": {
                "west": {
                    "uv": [14,4,15,11],
                    "texture": "#texture"
                },
                "east": {
                    "uv": [14,4,15,11],
                    "texture": "#texture"
                }
            }
        },
        {
            "from": [2,-1,2],
            "to": [2,0,4],
            "faces": {
                "west": {
                    "uv": [14,4,15,11],
                    "texture": "#texture"
                },
                "east": {
                    "uv": [14,4,15,11],
                    "texture": "#texture"
                }
            }
        },
        {
            "from": [3,-1,1],
            "to": [3,0,2],
            "faces": {
                "west": {
                    "uv": [14,4,15,11],
                    "texture": "#texture"
                },
                "east": {
                    "uv": [14,4,15,11],
                    "texture": "#texture"
                }
            }
        },
        {
            "from": [13,-1,2],
            "to": [13,0,4],
            "faces": {
                "west": {
                    "uv": [14,4,15,11],
                    "texture": "#texture"
                },
                "east": {
                    "uv": [14,4,15,11],
                    "texture": "#texture"
                }
            }
        },
        {
            "from": [12,-1,1],
            "to": [12,0,2],
            "faces": {
                "west": {
                    "uv": [14,4,15,11],
                    "texture": "#texture"
                },
                "east": {
                    "uv": [14,4,15,11],
                    "texture": "#texture"
                }
            }
        },
        {
            "from": [8,-1,3],
            "to": [8,0,5],
            "faces": {
                "west": {
                    "uv": [14,4,15,11],
                    "texture": "#texture"
                },
                "east": {
                    "uv": [14,4,15,11],
                    "texture": "#texture"
                }
            }
        },
        {
            "from": [7,-1,3],
            "to": [7,0,5],
            "faces": {
                "west": {
                    "uv": [14,4,15,11],
                    "texture": "#texture"
                },
                "east": {
                    "uv": [14,4,15,11],
                    "texture": "#texture"
                }
            }
        },
        {
            "from": [9,-1,1],
            "to": [9,0,3],
            "faces": {
                "west": {
                    "uv": [14,4,15,11],
                    "texture": "#texture"
                },
                "east": {
                    "uv": [14,4,15,11],
                    "texture": "#texture"
                }
            }
        },
        {
            "from": [6,-1,1],
            "to": [6,0,3],
            "faces": {
                "west": {
                    "uv": [14,4,15,11],
                    "texture": "#texture"
                },
                "east": {
                    "uv": [14,4,15,11],
                    "texture": "#texture"
                }
            }
        },
        {
            "from": [3,-1,14],
            "to": [5,0,14],
            "faces": {
                "north": {
                    "uv": [6,14,7,15],
                    "texture": "#texture"
                },
                "south": {
                    "uv": [6,14,7,15],
                    "texture": "#texture"
                }
            }
        },
        {
            "from": [10,-1,14],
            "to": [12,0,14],
            "faces": {
                "north": {
                    "uv": [6,14,7,15],
                    "texture": "#texture"
                },
                "south": {
                    "uv": [6,14,7,15],
                    "texture": "#texture"
                }
            }
        },
        {
            "from": [12,-1,13],
            "to": [13,0,13],
            "faces": {
                "north": {
                    "uv": [6,14,7,15],
                    "texture": "#texture"
                },
                "south": {
                    "uv": [6,14,7,15],
                    "texture": "#texture"
                }
            }
        },
        {
            "from": [13,-1,11],
            "to": [14,0,11],
            "faces": {
                "north": {
                    "uv": [6,14,7,15],
                    "texture": "#texture"
                },
                "south": {
                    "uv": [6,14,7,15],
                    "texture": "#texture"
                }
            }
        },
        {
            "from": [1,-1,11],
            "to": [2,0,11],
            "faces": {
                "north": {
                    "uv": [6,14,7,15],
                    "texture": "#texture"
                },
                "south": {
                    "uv": [6,14,7,15],
                    "texture": "#texture"
                }
            }
        },
        {
            "from": [5,-1,15],
            "to": [10,0,15],
            "faces": {
                "north": {
                    "uv": [6,14,7,15],
                    "texture": "#texture"
                },
                "south": {
                    "uv": [6,14,7,15],
                    "texture": "#texture"
                }
            }
        },
        {
            "from": [7,-1,5],
            "to": [8,0,5],
            "faces": {
                "north": {
                    "uv": [6,14,7,15],
                    "texture": "#texture"
                },
                "south": {
                    "uv": [6,14,7,15],
                    "texture": "#texture"
                }
            }
        },
        {
            "from": [3,-1,1],
            "to": [6,0,1],
            "faces": {
                "north": {
                    "uv": [6,14,7,15],
                    "texture": "#texture"
                },
                "south": {
                    "uv": [6,14,7,15],
                    "texture": "#texture"
                }
            }
        },
        {
            "from": [2,-1,2],
            "to": [3,0,2],
            "faces": {
                "north": {
                    "uv": [6,14,7,15],
                    "texture": "#texture"
                },
                "south": {
                    "uv": [6,14,7,15],
                    "texture": "#texture"
                }
            }
        },
        {
            "from": [1,-1,4],
            "to": [2,0,4],
            "faces": {
                "north": {
                    "uv": [6,14,7,15],
                    "texture": "#texture"
                },
                "south": {
                    "uv": [6,14,7,15],
                    "texture": "#texture"
                }
            }
        },
        {
            "from": [8,-1,3],
            "to": [9,0,3],
            "faces": {
                "north": {
                    "uv": [6,14,7,15],
                    "texture": "#texture"
                },
                "south": {
                    "uv": [6,14,7,15],
                    "texture": "#texture"
                }
            }
        },
        {
            "from": [6,-1,3],
            "to": [7,0,3],
            "faces": {
                "north": {
                    "uv": [6,14,7,15],
                    "texture": "#texture"
                },
                "south": {
                    "uv": [6,14,7,15],
                    "texture": "#texture"
                }
            }
        },
        {
            "from": [9,-1,1],
            "to": [12,0,1],
            "faces": {
                "north": {
                    "uv": [6,14,7,15],
                    "texture": "#texture"
                },
                "south": {
                    "uv": [6,14,7,15],
                    "texture": "#texture"
                }
            }
        },
        {
            "from": [12,-1,2],
            "to": [13,0,2],
            "faces": {
                "north": {
                    "uv": [6,14,7,15],
                    "texture": "#texture"
                },
                "south": {
                    "uv": [6,14,7,15],
                    "texture": "#texture"
                }
            }
        },
        {
            "from": [13,-1,4],
            "to": [14,0,4],
            "faces": {
                "north": {
                    "uv": [6,14,7,15],
                    "texture": "#texture"
                },
                "south": {
                    "uv": [6,14,7,15],
                    "texture": "#texture"
                }
            }
        },
        {
            "from": [7,-4,9],
            "to": [8,-1.001,10],
            "faces": {
                "down": {
                    "uv": [14,8,15,9],
                    "texture": "#texture"
                },
                "west": {
                    "uv": [14,6,15,9],
                    "texture": "#texture"
                },
                "east": {
                    "uv": [14,7,15,10],
                    "texture": "#texture"
                },
                "north": {
                    "uv": [14,7,15,10],
                    "texture": "#texture"
                },
                "south": {
                    "uv": [14,6,15,9],
                    "texture": "#texture"
                }
            }
        },
        {
            "from": [8,-6,10],
            "to": [9,-4,11],
            "faces": {
                "up": {
                    "uv": [8,14,9,15],
                    "texture": "#texture"
                },
                "down": {
                    "uv": [14,8,15,9],
                    "texture": "#texture"
                },
                "west": {
                    "uv": [14,6,15,9],
                    "texture": "#texture"
                },
                "east": {
                    "uv": [14,7,15,10],
                    "texture": "#texture"
                },
                "north": {
                    "uv": [14,7,15,10],
                    "texture": "#texture"
                },
                "south": {
                    "uv": [14,6,15,9],
                    "texture": "#texture"
                }
            }
        },
        {
            "from": [8,-7,11],
            "to": [9,-6,12],
            "faces": {
                "up": {
                    "uv": [8,14,9,15],
                    "texture": "#texture"
                },
                "down": {
                    "uv": [14,8,15,9],
                    "texture": "#texture"
                },
                "west": {
                    "uv": [14,6,15,9],
                    "texture": "#texture"
                },
                "east": {
                    "uv": [14,7,15,10],
                    "texture": "#texture"
                },
                "north": {
                    "uv": [14,7,15,10],
                    "texture": "#texture"
                },
                "south": {
                    "uv": [14,6,15,9],
                    "texture": "#texture"
                }
            }
        },
        {
            "from": [2,-1,13],
            "to": [3,0,13],
            "faces": {
                "north": {
                    "uv": [6,14,7,15],
                    "texture": "#texture"
                },
                "south": {
                    "uv": [6,14,7,15],
                    "texture": "#texture"
                }
            }
        }
    ]
}