{"ambientocclusion": true,
    "textures": {
        "texture": "block/lily_pad_1",
        "particle": "block/lily_pad_1"
    },
    "elements": [
        {
            "from": [0.001,-1,0.001],
            "to": [15.999,-1,15.999],
            "faces": {
                "up": {
                    "uv": [16,0,0,16],
                    "texture": "#texture"
                },
                "down": {
                    "uv": [16,16,0,0],
                    "texture": "#texture"
                }
            }
        },
        {
            "from": [15.999,-1,10],
            "to": [15.999,0,13],
            "faces": {
                "west": {
                    "uv": [14,4,15,5],
                    "texture": "#texture"
                },
                "east": {
                    "uv": [14,9,15,10],
                    "texture": "#texture"
                }
            }
        },
        {
            "from": [10,-1,11],
            "to": [10,0,12],
            "faces": {
                "west": {
                    "uv": [14,4,15,5],
                    "texture": "#texture"
                },
                "east": {
                    "uv": [14,4,15,5],
                    "texture": "#texture"
                }
            }
        },
        {
            "from": [9,-1,12],
            "to": [9,0,14],
            "faces": {
                "west": {
                    "uv": [14,4,15,5],
                    "texture": "#texture"
                },
                "east": {
                    "uv": [14,4,15,5],
                    "texture": "#texture"
                }
            }
        },
        {
            "from": [11,-1,15],
            "to": [11,0,15.999],
            "faces": {
                "west": {
                    "uv": [14,4,15,5],
                    "texture": "#texture"
                },
                "east": {
                    "uv": [14,4,15,5],
                    "texture": "#texture"
                }
            }
        },
        {
            "from": [10,-1,14],
            "to": [10,0,15],
            "faces": {
                "west": {
                    "uv": [14,4,15,5],
                    "texture": "#texture"
                },
                "east": {
                    "uv": [14,4,15,5],
                    "texture": "#texture"
                }
            }
        },
        {
            "from": [13,-1,15],
            "to": [13,0,15.999],
            "faces": {
                "west": {
                    "uv": [14,4,15,5],
                    "texture": "#texture"
                },
                "east": {
                    "uv": [14,4,15,5],
                    "texture": "#texture"
                }
            }
        },
        {
            "from": [14,-1,14],
            "to": [14,0,15],
            "faces": {
                "west": {
                    "uv": [14,4,15,5],
                    "texture": "#texture"
                },
                "east": {
                    "uv": [14,4,15,5],
                    "texture": "#texture"
                }
            }
        },
        {
            "from": [15,-1,13],
            "to": [15,0,14],
            "faces": {
                "west": {
                    "uv": [14,4,15,5],
                    "texture": "#texture"
                },
                "east": {
                    "uv": [14,4,15,5],
                    "texture": "#texture"
                }
            }
        },
        {
            "from": [9,-1,9],
            "to": [9,0,11],
            "faces": {
                "west": {
                    "uv": [14,4,15,5],
                    "texture": "#texture"
                },
                "east": {
                    "uv": [14,4,15,5],
                    "texture": "#texture"
                }
            }
        },
        {
            "from": [10,-1,8],
            "to": [10,0,9],
            "faces": {
                "west": {
                    "uv": [14,4,15,5],
                    "texture": "#texture"
                },
                "east": {
                    "uv": [14,4,15,5],
                    "texture": "#texture"
                }
            }
        },
        {
            "from": [15,-1,2],
            "to": [15,0,5],
            "faces": {
                "west": {
                    "uv": [14,4,15,5],
                    "texture": "#texture"
                },
                "east": {
                    "uv": [14,4,15,5],
                    "texture": "#texture"
                }
            }
        },
        {
            "from": [12,-1,1],
            "to": [12,0,2],
            "faces": {
                "west": {
                    "uv": [14,4,15,5],
                    "texture": "#texture"
                },
                "east": {
                    "uv": [14,4,15,5],
                    "texture": "#texture"
                }
            }
        },
        {
            "from": [14,-1,8],
            "to": [14,0,9],
            "faces": {
                "west": {
                    "uv": [14,4,15,5],
                    "texture": "#texture"
                },
                "east": {
                    "uv": [14,4,15,5],
                    "texture": "#texture"
                }
            }
        },
        {
            "from": [13,-1,7],
            "to": [13,0,8],
            "faces": {
                "west": {
                    "uv": [14,4,15,5],
                    "texture": "#texture"
                },
                "east": {
                    "uv": [14,4,15,5],
                    "texture": "#texture"
                }
            }
        },
        {
            "from": [15,-1,9],
            "to": [15,0,10],
            "faces": {
                "west": {
                    "uv": [14,4,15,5],
                    "texture": "#texture"
                },
                "east": {
                    "uv": [14,4,15,5],
                    "texture": "#texture"
                }
            }
        },
        {
            "from": [11,-1,7],
            "to": [11,0,8],
            "faces": {
                "west": {
                    "uv": [14,4,15,5],
                    "texture": "#texture"
                },
                "east": {
                    "uv": [14,4,15,5],
                    "texture": "#texture"
                }
            }
        },
        {
            "from": [9,-1,12],
            "to": [10,0,12],
            "faces": {
                "north": {
                    "uv": [5,14,6,15],
                    "texture": "#texture"
                },
                "south": {
                    "uv": [5,14,6,15],
                    "texture": "#texture"
                }
            }
        },
        {
            "from": [14,-1,14],
            "to": [15,0,14],
            "faces": {
                "north": {
                    "uv": [5,14,6,15],
                    "texture": "#texture"
                },
                "south": {
                    "uv": [5,14,6,15],
                    "texture": "#texture"
                }
            }
        },
        {
            "from": [10,-1,15],
            "to": [11,0,15],
            "faces": {
                "north": {
                    "uv": [5,14,6,15],
                    "texture": "#texture"
                },
                "south": {
                    "uv": [5,14,6,15],
                    "texture": "#texture"
                }
            }
        },
        {
            "from": [9,-1,14],
            "to": [10,0,14],
            "faces": {
                "north": {
                    "uv": [5,14,6,15],
                    "texture": "#texture"
                },
                "south": {
                    "uv": [5,14,6,15],
                    "texture": "#texture"
                }
            }
        },
        {
            "from": [15,-1,13],
            "to": [15.999,0,13],
            "faces": {
                "north": {
                    "uv": [5,14,6,15],
                    "texture": "#texture"
                },
                "south": {
                    "uv": [5,14,6,15],
                    "texture": "#texture"
                }
            }
        },
        {
            "from": [9,-1,11],
            "to": [10,0,11],
            "faces": {
                "north": {
                    "uv": [5,14,6,15],
                    "texture": "#texture"
                },
                "south": {
                    "uv": [5,14,6,15],
                    "texture": "#texture"
                }
            }
        },
        {
            "from": [11,-1,15.999],
            "to": [13,0,15.999],
            "faces": {
                "north": {
                    "uv": [5,14,6,15],
                    "texture": "#texture"
                },
                "south": {
                    "uv": [5,14,6,15],
                    "texture": "#texture"
                }
            }
        },
        {
            "from": [14,-1,9],
            "to": [15,0,9],
            "faces": {
                "north": {
                    "uv": [5,14,6,15],
                    "texture": "#texture"
                },
                "south": {
                    "uv": [5,14,6,15],
                    "texture": "#texture"
                }
            }
        },
        {
            "from": [11,-1,7],
            "to": [13,0,7],
            "faces": {
                "north": {
                    "uv": [6,13,7,14],
                    "texture": "#texture"
                },
                "south": {
                    "uv": [6,13,7,14],
                    "texture": "#texture"
                }
            }
        },
        {
            "from": [10,-1,8],
            "to": [11,0,8],
            "faces": {
                "north": {
                    "uv": [5,14,6,15],
                    "texture": "#texture"
                },
                "south": {
                    "uv": [5,14,6,15],
                    "texture": "#texture"
                }
            }
        },
        {
            "from": [9,-1,9],
            "to": [10,0,9],
            "faces": {
                "north": {
                    "uv": [5,14,6,15],
                    "texture": "#texture"
                },
                "south": {
                    "uv": [5,14,6,15],
                    "texture": "#texture"
                }
            }
        },
        {
            "from": [15,-1,10],
            "to": [15.999,0,10],
            "faces": {
                "north": {
                    "uv": [5,14,6,15],
                    "texture": "#texture"
                },
                "south": {
                    "uv": [5,14,6,15],
                    "texture": "#texture"
                }
            }
        },
        {
            "from": [13,-1,8],
            "to": [14,0,8],
            "faces": {
                "north": {
                    "uv": [5,14,6,15],
                    "texture": "#texture"
                },
                "south": {
                    "uv": [5,14,6,15],
                    "texture": "#texture"
                }
            }
        },
        {
            "from": [11,-1,1],
            "to": [12,0,1],
            "faces": {
                "north": {
                    "uv": [5,14,6,15],
                    "texture": "#texture"
                },
                "south": {
                    "uv": [5,14,6,15],
                    "texture": "#texture"
                }
            }
        },
        {
            "from": [12,-1,2],
            "to": [13,0,2],
            "faces": {
                "north": {
                    "uv": [5,14,6,15],
                    "texture": "#texture"
                },
                "south": {
                    "uv": [5,14,6,15],
                    "texture": "#texture"
                }
            }
        },
        {
            "from": [13,-1,1],
            "to": [14,0,1],
            "faces": {
                "north": {
                    "uv": [5,14,6,15],
                    "texture": "#texture"
                },
                "south": {
                    "uv": [5,14,6,15],
                    "texture": "#texture"
                }
            }
        },
        {
            "from": [4,-4,7],
            "to": [5,-1,8],
            "faces": {
                "down": {
                    "uv": [14,8,15,9],
                    "texture": "#texture"
                },
                "west": {
                    "uv": [14,8,15,9],
                    "texture": "#texture"
                },
                "east": {
                    "uv": [14,8,15,10],
                    "texture": "#texture"
                },
                "north": {
                    "uv": [14,8,15,10],
                    "texture": "#texture"
                },
                "south": {
                    "uv": [15,6,16,7],
                    "texture": "#texture"
                }
            }
        },
        {
            "from": [12,-3,11],
            "to": [13,-1,12],
            "faces": {
                "down": {
                    "uv": [14,8,15,9],
                    "texture": "#texture"
                },
                "west": {
                    "uv": [15,7,16,8],
                    "texture": "#texture"
                },
                "east": {
                    "uv": [14,9,15,10],
                    "texture": "#texture"
                },
                "north": {
                    "uv": [14,9,15,10],
                    "texture": "#texture"
                },
                "south": {
                    "uv": [14,8,15,9],
                    "texture": "#texture"
                }
            }
        },
        {
            "from": [5,-5,8],
            "to": [6,-4,9],
            "faces": {
                "up": {
                    "uv": [10,11,11,12],
                    "texture": "#texture"
                },
                "down": {
                    "uv": [14,8,15,9],
                    "texture": "#texture"
                },
                "west": {
                    "uv": [14,8,15,9],
                    "texture": "#texture"
                },
                "east": {
                    "uv": [14,9,15,10],
                    "texture": "#texture"
                },
                "north": {
                    "uv": [14,9,15,10],
                    "texture": "#texture"
                },
                "south": {
                    "uv": [14,8,15,9],
                    "texture": "#texture"
                }
            }
        },
        {
            "from": [11,-4,11],
            "to": [12,-3,12],
            "faces": {
                "up": {
                    "uv": [10,11,11,12],
                    "texture": "#texture"
                },
                "down": {
                    "uv": [14,8,15,9],
                    "texture": "#texture"
                },
                "west": {
                    "uv": [14,8,15,9],
                    "texture": "#texture"
                },
                "east": {
                    "uv": [14,9,15,10],
                    "texture": "#texture"
                },
                "north": {
                    "uv": [14,9,15,10],
                    "texture": "#texture"
                },
                "south": {
                    "uv": [14,8,15,9],
                    "texture": "#texture"
                }
            }
        },
        {
            "from": [12,-2,3],
            "to": [13,-1,4],
            "faces": {
                "down": {
                    "uv": [14,8,15,9],
                    "texture": "#texture"
                },
                "west": {
                    "uv": [14,8,15,9],
                    "texture": "#texture"
                },
                "east": {
                    "uv": [14,9,15,10],
                    "texture": "#texture"
                },
                "north": {
                    "uv": [14,9,15,10],
                    "texture": "#texture"
                },
                "south": {
                    "uv": [14,8,15,9],
                    "texture": "#texture"
                }
            }
        },
        {
            "from": [13,-1,15],
            "to": [14,0,15],
            "faces": {
                "north": {
                    "uv": [5,14,6,15],
                    "texture": "#texture"
                },
                "south": {
                    "uv": [5,14,6,15],
                    "texture": "#texture"
                }
            }
        },
        {
            "from": [11,-1,1],
            "to": [11,0,2],
            "faces": {
                "west": {
                    "uv": [14,4,15,5],
                    "texture": "#texture"
                },
                "east": {
                    "uv": [14,4,15,5],
                    "texture": "#texture"
                }
            }
        },
        {
            "from": [13,-1,1],
            "to": [13,0,2],
            "faces": {
                "west": {
                    "uv": [14,4,15,5],
                    "texture": "#texture"
                },
                "east": {
                    "uv": [14,4,15,5],
                    "texture": "#texture"
                }
            }
        },
        {
            "from": [14,-1,1],
            "to": [14,0,2],
            "faces": {
                "west": {
                    "uv": [14,4,15,5],
                    "texture": "#texture"
                },
                "east": {
                    "uv": [14,4,15,5],
                    "texture": "#texture"
                }
            }
        },
        {
            "from": [10,-1,2],
            "to": [11,0,2],
            "faces": {
                "north": {
                    "uv": [5,14,6,15],
                    "texture": "#texture"
                },
                "south": {
                    "uv": [5,14,6,15],
                    "texture": "#texture"
                }
            }
        },
        {
            "from": [14,-1,2],
            "to": [15,0,2],
            "faces": {
                "north": {
                    "uv": [5,14,6,15],
                    "texture": "#texture"
                },
                "south": {
                    "uv": [5,14,6,15],
                    "texture": "#texture"
                }
            }
        },
        {
            "from": [10,-1,2],
            "to": [10,0,5],
            "faces": {
                "west": {
                    "uv": [14,4,15,5],
                    "texture": "#texture"
                },
                "east": {
                    "uv": [14,4,15,5],
                    "texture": "#texture"
                }
            }
        },
        {
            "from": [10,-1,5],
            "to": [11,0,5],
            "faces": {
                "north": {
                    "uv": [5,14,6,15],
                    "texture": "#texture"
                },
                "south": {
                    "uv": [5,14,6,15],
                    "texture": "#texture"
                }
            }
        },
        {
            "from": [14,-1,5],
            "to": [15,0,5],
            "faces": {
                "north": {
                    "uv": [5,14,6,15],
                    "texture": "#texture"
                },
                "south": {
                    "uv": [5,14,6,15],
                    "texture": "#texture"
                }
            }
        },
        {
            "from": [11,-1,6],
            "to": [14,0,6],
            "faces": {
                "north": {
                    "uv": [6,13,7,14],
                    "texture": "#texture"
                },
                "south": {
                    "uv": [6,13,7,14],
                    "texture": "#texture"
                }
            }
        },
        {
            "from": [11,-1,5],
            "to": [11,0,6],
            "faces": {
                "west": {
                    "uv": [14,4,15,5],
                    "texture": "#texture"
                },
                "east": {
                    "uv": [14,4,15,5],
                    "texture": "#texture"
                }
            }
        },
        {
            "from": [14,-1,5],
            "to": [14,0,6],
            "faces": {
                "west": {
                    "uv": [14,4,15,5],
                    "texture": "#texture"
                },
                "east": {
                    "uv": [14,4,15,5],
                    "texture": "#texture"
                }
            }
        },
        {
            "from": [3,-1,12],
            "to": [6,0,12],
            "faces": {
                "north": {
                    "uv": [6,13,7,14],
                    "texture": "#texture"
                },
                "south": {
                    "uv": [6,13,7,14],
                    "texture": "#texture"
                }
            }
        },
        {
            "from": [2,-1,11],
            "to": [3,0,11],
            "faces": {
                "north": {
                    "uv": [6,13,7,14],
                    "texture": "#texture"
                },
                "south": {
                    "uv": [6,13,7,14],
                    "texture": "#texture"
                }
            }
        },
        {
            "from": [6,-1,11],
            "to": [7,0,11],
            "faces": {
                "north": {
                    "uv": [6,13,7,14],
                    "texture": "#texture"
                },
                "south": {
                    "uv": [6,13,7,14],
                    "texture": "#texture"
                }
            }
        },
        {
            "from": [7,-1,10],
            "to": [8,0,10],
            "faces": {
                "north": {
                    "uv": [6,13,7,14],
                    "texture": "#texture"
                },
                "south": {
                    "uv": [6,13,7,14],
                    "texture": "#texture"
                }
            }
        },
        {
            "from": [8,-1,8],
            "to": [9,0,8],
            "faces": {
                "north": {
                    "uv": [6,13,7,14],
                    "texture": "#texture"
                },
                "south": {
                    "uv": [6,13,7,14],
                    "texture": "#texture"
                }
            }
        },
        {
            "from": [0,-1,8],
            "to": [1,0,8],
            "faces": {
                "north": {
                    "uv": [6,13,7,14],
                    "texture": "#texture"
                },
                "south": {
                    "uv": [6,13,7,14],
                    "texture": "#texture"
                }
            }
        },
        {
            "from": [1,-1,10],
            "to": [2,0,10],
            "faces": {
                "north": {
                    "uv": [6,13,7,14],
                    "texture": "#texture"
                },
                "south": {
                    "uv": [6,13,7,14],
                    "texture": "#texture"
                }
            }
        },
        {
            "from": [0,-1,5],
            "to": [1,0,5],
            "faces": {
                "north": {
                    "uv": [6,13,7,14],
                    "texture": "#texture"
                },
                "south": {
                    "uv": [6,13,7,14],
                    "texture": "#texture"
                }
            }
        },
        {
            "from": [8,-1,5],
            "to": [9,0,5],
            "faces": {
                "north": {
                    "uv": [6,13,7,14],
                    "texture": "#texture"
                },
                "south": {
                    "uv": [6,13,7,14],
                    "texture": "#texture"
                }
            }
        },
        {
            "from": [1,-1,4],
            "to": [2,0,4],
            "faces": {
                "north": {
                    "uv": [6,13,7,14],
                    "texture": "#texture"
                },
                "south": {
                    "uv": [6,13,7,14],
                    "texture": "#texture"
                }
            }
        },
        {
            "from": [7,-1,4],
            "to": [8,0,4],
            "faces": {
                "north": {
                    "uv": [6,13,7,14],
                    "texture": "#texture"
                },
                "south": {
                    "uv": [6,13,7,14],
                    "texture": "#texture"
                }
            }
        },
        {
            "from": [6,-1,3],
            "to": [7,0,3],
            "faces": {
                "north": {
                    "uv": [6,13,7,14],
                    "texture": "#texture"
                },
                "south": {
                    "uv": [6,13,7,14],
                    "texture": "#texture"
                }
            }
        },
        {
            "from": [2,-1,3],
            "to": [3,0,3],
            "faces": {
                "north": {
                    "uv": [6,13,7,14],
                    "texture": "#texture"
                },
                "south": {
                    "uv": [6,13,7,14],
                    "texture": "#texture"
                }
            }
        },
        {
            "from": [3,-1,4],
            "to": [4,0,4],
            "faces": {
                "north": {
                    "uv": [5,14,6,15],
                    "texture": "#texture"
                },
                "south": {
                    "uv": [5,14,6,15],
                    "texture": "#texture"
                }
            }
        },
        {
            "from": [4,-1,5],
            "to": [5,0,5],
            "faces": {
                "north": {
                    "uv": [5,14,6,15],
                    "texture": "#texture"
                },
                "south": {
                    "uv": [5,14,6,15],
                    "texture": "#texture"
                }
            }
        },
        {
            "from": [5,-1,4],
            "to": [6,0,4],
            "faces": {
                "north": {
                    "uv": [5,14,6,15],
                    "texture": "#texture"
                },
                "south": {
                    "uv": [5,14,6,15],
                    "texture": "#texture"
                }
            }
        },
        {
            "from": [8,-1,8],
            "to": [8,0,10],
            "faces": {
                "west": {
                    "uv": [14,4,15,5],
                    "texture": "#texture"
                },
                "east": {
                    "uv": [14,4,15,5],
                    "texture": "#texture"
                }
            }
        },
        {
            "from": [9,-1,5],
            "to": [9,0,8],
            "faces": {
                "west": {
                    "uv": [14,4,15,5],
                    "texture": "#texture"
                },
                "east": {
                    "uv": [14,4,15,5],
                    "texture": "#texture"
                }
            }
        },
        {
            "from": [8,-1,4],
            "to": [8,0,5],
            "faces": {
                "west": {
                    "uv": [14,4,15,5],
                    "texture": "#texture"
                },
                "east": {
                    "uv": [14,4,15,5],
                    "texture": "#texture"
                }
            }
        },
        {
            "from": [7,-1,3],
            "to": [7,0,4],
            "faces": {
                "west": {
                    "uv": [14,4,15,5],
                    "texture": "#texture"
                },
                "east": {
                    "uv": [14,4,15,5],
                    "texture": "#texture"
                }
            }
        },
        {
            "from": [6,-1,3],
            "to": [6,0,4],
            "faces": {
                "west": {
                    "uv": [14,4,15,5],
                    "texture": "#texture"
                },
                "east": {
                    "uv": [14,4,15,5],
                    "texture": "#texture"
                }
            }
        },
        {
            "from": [3,-1,3],
            "to": [3,0,4],
            "faces": {
                "west": {
                    "uv": [14,4,15,5],
                    "texture": "#texture"
                },
                "east": {
                    "uv": [14,4,15,5],
                    "texture": "#texture"
                }
            }
        },
        {
            "from": [2,-1,3],
            "to": [2,0,4],
            "faces": {
                "west": {
                    "uv": [14,4,15,5],
                    "texture": "#texture"
                },
                "east": {
                    "uv": [14,4,15,5],
                    "texture": "#texture"
                }
            }
        },
        {
            "from": [5,-1,4],
            "to": [5,0,5],
            "faces": {
                "west": {
                    "uv": [14,4,15,5],
                    "texture": "#texture"
                },
                "east": {
                    "uv": [14,4,15,5],
                    "texture": "#texture"
                }
            }
        },
        {
            "from": [1,-1,4],
            "to": [1,0,5],
            "faces": {
                "west": {
                    "uv": [14,4,15,5],
                    "texture": "#texture"
                },
                "east": {
                    "uv": [14,4,15,5],
                    "texture": "#texture"
                }
            }
        },
        {
            "from": [4,-1,4],
            "to": [4,0,5],
            "faces": {
                "west": {
                    "uv": [14,4,15,5],
                    "texture": "#texture"
                },
                "east": {
                    "uv": [14,4,15,5],
                    "texture": "#texture"
                }
            }
        },
        {
            "from": [0,-1,5],
            "to": [0,0,8],
            "faces": {
                "west": {
                    "uv": [14,4,15,5],
                    "texture": "#texture"
                },
                "east": {
                    "uv": [14,4,15,5],
                    "texture": "#texture"
                }
            }
        },
        {
            "from": [1,-1,8],
            "to": [1,0,10],
            "faces": {
                "west": {
                    "uv": [14,4,15,5],
                    "texture": "#texture"
                },
                "east": {
                    "uv": [14,4,15,5],
                    "texture": "#texture"
                }
            }
        },
        {
            "from": [7,-1,10],
            "to": [7,0,11],
            "faces": {
                "west": {
                    "uv": [14,4,15,5],
                    "texture": "#texture"
                },
                "east": {
                    "uv": [14,4,15,5],
                    "texture": "#texture"
                }
            }
        },
        {
            "from": [2,-1,10],
            "to": [2,0,11],
            "faces": {
                "west": {
                    "uv": [14,4,15,5],
                    "texture": "#texture"
                },
                "east": {
                    "uv": [14,4,15,5],
                    "texture": "#texture"
                }
            }
        },
        {
            "from": [6,-1,11],
            "to": [6,0,12],
            "faces": {
                "west": {
                    "uv": [14,4,15,5],
                    "texture": "#texture"
                },
                "east": {
                    "uv": [14,4,15,5],
                    "texture": "#texture"
                }
            }
        },
        {
            "from": [3,-1,11],
            "to": [3,0,12],
            "faces": {
                "west": {
                    "uv": [14,4,15,5],
                    "texture": "#texture"
                },
                "east": {
                    "uv": [14,4,15,5],
                    "texture": "#texture"
                }
            }
        }
    ]
}