{"ambientocclusion": true,
    "textures": {
        "texture": "block/lily_pad_2",
        "particle": "block/lily_pad_2"
    },
    "elements": [
        {
            "from": [0.001,-1,0.001],
            "to": [15.999,-1,15.999],
            "faces": {
                "up": {
                    "uv": [16,0,0,16],
                    "texture": "#texture"
                },
                "down": {
                    "uv": [16,16,0,0],
                    "texture": "#texture"
                }
            }
        },
        {
            "from": [15.999,-1,5],
            "to": [15.999,0,11],
            "faces": {
                "west": {
                    "uv": [15,7,16,11],
                    "texture": "#texture"
                },
                "east": {
                    "uv": [15,10,16,11],
                    "texture": "#texture"
                }
            }
        },
        {
            "from": [0.001,-1,5],
            "to": [0.001,0,11],
            "faces": {
                "west": {
                    "uv": [15,10,16,11],
                    "texture": "#texture"
                },
                "east": {
                    "uv": [15,6,16,10],
                    "texture": "#texture"
                }
            }
        },
        {
            "from": [2,-1,14],
            "to": [2,0,15],
            "faces": {
                "west": {
                    "uv": [15,9,16,10],
                    "texture": "#texture"
                },
                "east": {
                    "uv": [15,7,16,11],
                    "texture": "#texture"
                }
            }
        },
        {
            "from": [3,-1,15],
            "to": [3,0,15.999],
            "faces": {
                "west": {
                    "uv": [15,10,16,11],
                    "texture": "#texture"
                },
                "east": {
                    "uv": [15,8,16,11],
                    "texture": "#texture"
                }
            }
        },
        {
            "from": [7,-1,15],
            "to": [7,0,15.999],
            "faces": {
                "west": {
                    "uv": [15,7,16,10],
                    "texture": "#texture"
                },
                "east": {
                    "uv": [15,10,16,11],
                    "texture": "#texture"
                }
            }
        },
        {
            "from": [9,-1,15],
            "to": [9,0,15.999],
            "faces": {
                "west": {
                    "uv": [15,10,16,11],
                    "texture": "#texture"
                },
                "east": {
                    "uv": [15,6,16,11],
                    "texture": "#texture"
                }
            }
        },
        {
            "from": [13,-1,15],
            "to": [13,0,15.999],
            "faces": {
                "west": {
                    "uv": [15,7,16,11],
                    "texture": "#texture"
                },
                "east": {
                    "uv": [15,10,16,11],
                    "texture": "#texture"
                }
            }
        },
        {
            "from": [14,-1,14],
            "to": [14,0,15],
            "faces": {
                "west": {
                    "uv": [15,7,16,11],
                    "texture": "#texture"
                },
                "east": {
                    "uv": [15,10,16,11],
                    "texture": "#texture"
                }
            }
        },
        {
            "from": [1,-1,2],
            "to": [1,0,5],
            "faces": {
                "west": {
                    "uv": [15,9,16,11],
                    "texture": "#texture"
                },
                "east": {
                    "uv": [15,6,16,11],
                    "texture": "#texture"
                }
            }
        },
        {
            "from": [3,-1,0.001],
            "to": [3,0,1],
            "faces": {
                "west": {
                    "uv": [15,10,16,11],
                    "texture": "#texture"
                },
                "east": {
                    "uv": [15,7,16,11],
                    "texture": "#texture"
                }
            }
        },
        {
            "from": [15,-1,2],
            "to": [15,0,5],
            "faces": {
                "west": {
                    "uv": [15,7,16,11],
                    "texture": "#texture"
                },
                "east": {
                    "uv": [15,10,16,11],
                    "texture": "#texture"
                }
            }
        },
        {
            "from": [14,-1,1],
            "to": [14,0,2],
            "faces": {
                "west": {
                    "uv": [15,6,16,10],
                    "texture": "#texture"
                },
                "east": {
                    "uv": [15,10,16,11],
                    "texture": "#texture"
                }
            }
        },
        {
            "from": [9,-1,1],
            "to": [9,0,2],
            "faces": {
                "west": {
                    "uv": [15,9,16,11],
                    "texture": "#texture"
                },
                "east": {
                    "uv": [15,7,16,11],
                    "texture": "#texture"
                }
            }
        },
        {
            "from": [10,-1,0.001],
            "to": [10,0,1],
            "faces": {
                "west": {
                    "uv": [15,10,16,11],
                    "texture": "#texture"
                },
                "east": {
                    "uv": [15,7,16,11],
                    "texture": "#texture"
                }
            }
        },
        {
            "from": [15,-1,11],
            "to": [15,0,14],
            "faces": {
                "west": {
                    "uv": [15,8,16,11],
                    "texture": "#texture"
                },
                "east": {
                    "uv": [15,10,16,11],
                    "texture": "#texture"
                }
            }
        },
        {
            "from": [7,-1,1],
            "to": [7,0,2],
            "faces": {
                "west": {
                    "uv": [15,7,16,11],
                    "texture": "#texture"
                },
                "east": {
                    "uv": [15,9,16,10],
                    "texture": "#texture"
                }
            }
        },
        {
            "from": [3,-1,15.999],
            "to": [7,0,15.999],
            "faces": {
                "north": {
                    "uv": [6,15,7,16],
                    "texture": "#texture"
                },
                "south": {
                    "uv": [6,15,7,16],
                    "texture": "#texture"
                }
            }
        },
        {
            "from": [9,-1,15.999],
            "to": [13,0,15.999],
            "faces": {
                "north": {
                    "uv": [6,15,7,16],
                    "texture": "#texture"
                },
                "south": {
                    "uv": [6,15,7,16],
                    "texture": "#texture"
                }
            }
        },
        {
            "from": [13,-1,15],
            "to": [14,0,15],
            "faces": {
                "north": {
                    "uv": [5,15,6,16],
                    "texture": "#texture"
                },
                "south": {
                    "uv": [6,15,7,16],
                    "texture": "#texture"
                }
            }
        },
        {
            "from": [14,-1,14],
            "to": [15,0,14],
            "faces": {
                "north": {
                    "uv": [6,15,7,16],
                    "texture": "#texture"
                },
                "south": {
                    "uv": [6,15,7,16],
                    "texture": "#texture"
                }
            }
        },
        {
            "from": [1,-1,14],
            "to": [2,0,14],
            "faces": {
                "north": {
                    "uv": [6,15,7,16],
                    "texture": "#texture"
                },
                "south": {
                    "uv": [6,15,7,16],
                    "texture": "#texture"
                }
            }
        },
        {
            "from": [7,-1,15],
            "to": [9,0,15],
            "faces": {
                "north": {
                    "uv": [6,15,7,16],
                    "texture": "#texture"
                },
                "south": {
                    "uv": [6,15,7,16],
                    "texture": "#texture"
                }
            }
        },
        {
            "from": [9,-1,1],
            "to": [10,0,1],
            "faces": {
                "north": {
                    "uv": [6,15,7,16],
                    "texture": "#texture"
                },
                "south": {
                    "uv": [6,15,7,16],
                    "texture": "#texture"
                }
            }
        },
        {
            "from": [3,-1,0.001],
            "to": [6,0,0.001],
            "faces": {
                "north": {
                    "uv": [6,15,7,16],
                    "texture": "#texture"
                },
                "south": {
                    "uv": [6,15,7,16],
                    "texture": "#texture"
                }
            }
        },
        {
            "from": [2,-1,1],
            "to": [3,0,1],
            "faces": {
                "north": {
                    "uv": [6,15,7,16],
                    "texture": "#texture"
                },
                "south": {
                    "uv": [6,15,7,16],
                    "texture": "#texture"
                }
            }
        },
        {
            "from": [1,-1,2],
            "to": [2,0,2],
            "faces": {
                "north": {
                    "uv": [6,15,7,16],
                    "texture": "#texture"
                },
                "south": {
                    "uv": [6,15,7,16],
                    "texture": "#texture"
                }
            }
        },
        {
            "from": [7,-1,2],
            "to": [9,0,2],
            "faces": {
                "north": {
                    "uv": [6,15,7,16],
                    "texture": "#texture"
                },
                "south": {
                    "uv": [5,15,6,16],
                    "texture": "#texture"
                }
            }
        },
        {
            "from": [6,-1,1],
            "to": [7,0,1],
            "faces": {
                "north": {
                    "uv": [6,15,7,16],
                    "texture": "#texture"
                },
                "south": {
                    "uv": [6,15,7,16],
                    "texture": "#texture"
                }
            }
        },
        {
            "from": [10,-1,0.001],
            "to": [13,0,0.001],
            "faces": {
                "north": {
                    "uv": [6,15,7,16],
                    "texture": "#texture"
                },
                "south": {
                    "uv": [6,15,7,16],
                    "texture": "#texture"
                }
            }
        },
        {
            "from": [14,-1,2],
            "to": [15,0,2],
            "faces": {
                "north": {
                    "uv": [6,15,7,16],
                    "texture": "#texture"
                },
                "south": {
                    "uv": [6,15,7,16],
                    "texture": "#texture"
                }
            }
        },
        {
            "from": [15,-1,5],
            "to": [16,0,5],
            "faces": {
                "north": {
                    "uv": [6,15,7,16],
                    "texture": "#texture"
                },
                "south": {
                    "uv": [6,15,7,16],
                    "texture": "#texture"
                }
            }
        },
        {
            "from": [7,-4,8],
            "to": [9,-1.001,10],
            "faces": {
                "down": {
                    "uv": [15,8,16,9],
                    "texture": "#texture"
                },
                "west": {
                    "uv": [15,7,16,10],
                    "texture": "#texture"
                },
                "east": {
                    "uv": [15,7,16,10],
                    "texture": "#texture",
                    "tintindex": 0
                },
                "north": {
                    "uv": [15,8,16,11],
                    "texture": "#texture"
                },
                "south": {
                    "uv": [15,7,16,10],
                    "texture": "#texture"
                }
            }
        },
        {
            "from": [7.5,-8,8.5],
            "to": [8.5,-4,9.5],
            "faces": {
                "up": {
                    "uv": [8,14,9,15],
                    "texture": "#texture"
                },
                "down": {
                    "uv": [15,8,16,9],
                    "texture": "#texture"
                },
                "west": {
                    "uv": [15,7,16,10],
                    "texture": "#texture"
                },
                "east": {
                    "uv": [15,7,16,10],
                    "texture": "#texture"
                },
                "north": {
                    "uv": [15,7,16,10],
                    "texture": "#texture"
                },
                "south": {
                    "uv": [15,7,16,10],
                    "texture": "#texture"
                }
            }
        },
        {
            "from": [7.5,-9,9.5],
            "to": [8.5,-8,10.5],
            "faces": {
                "up": {
                    "uv": [8,14,9,15],
                    "texture": "#texture"
                },
                "down": {
                    "uv": [15,9,16,10],
                    "texture": "#texture"
                },
                "west": {
                    "uv": [15,7,16,10],
                    "texture": "#texture"
                },
                "east": {
                    "uv": [15,8,16,11],
                    "texture": "#texture"
                },
                "north": {
                    "uv": [15,7,16,10],
                    "texture": "#texture"
                },
                "south": {
                    "uv": [15,6,16,9],
                    "texture": "#texture"
                }
            }
        },
        {
            "from": [2,-1,15],
            "to": [3,0,15],
            "faces": {
                "north": {
                    "uv": [6,15,7,16],
                    "texture": "#texture"
                },
                "south": {
                    "uv": [6,15,7,16],
                    "texture": "#texture"
                }
            }
        },
        {
            "from": [2,-1,1],
            "to": [2,0,2],
            "faces": {
                "west": {
                    "uv": [15,9,16,10],
                    "texture": "#texture"
                },
                "east": {
                    "uv": [15,7,16,11],
                    "texture": "#texture"
                }
            }
        },
        {
            "from": [1,-1,11],
            "to": [1,0,14],
            "faces": {
                "west": {
                    "uv": [15,10,16,11],
                    "texture": "#texture"
                },
                "east": {
                    "uv": [15,8,16,11],
                    "texture": "#texture"
                }
            }
        },
        {
            "from": [13,-1,1],
            "to": [14,0,1],
            "faces": {
                "north": {
                    "uv": [6,15,7,16],
                    "texture": "#texture"
                },
                "south": {
                    "uv": [6,15,7,16],
                    "texture": "#texture"
                }
            }
        },
        {
            "from": [15,-1,11],
            "to": [16,0,11],
            "faces": {
                "north": {
                    "uv": [6,15,7,16],
                    "texture": "#texture"
                },
                "south": {
                    "uv": [6,15,7,16],
                    "texture": "#texture"
                }
            }
        },
        {
            "from": [0,-1,11],
            "to": [1,0,11],
            "faces": {
                "north": {
                    "uv": [6,15,7,16],
                    "texture": "#texture"
                },
                "south": {
                    "uv": [6,15,7,16],
                    "texture": "#texture"
                }
            }
        },
        {
            "from": [0,-1,5],
            "to": [1,0,5],
            "faces": {
                "north": {
                    "uv": [5,15,6,16],
                    "texture": "#texture"
                },
                "south": {
                    "uv": [5,15,6,16],
                    "texture": "#texture"
                }
            }
        },
        {
            "from": [13,-1,0],
            "to": [13,0,1],
            "faces": {
                "west": {
                    "uv": [15,6,16,11],
                    "texture": "#texture"
                },
                "east": {
                    "uv": [15,10,16,11],
                    "texture": "#texture"
                }
            }
        },
        {
            "from": [6,-1,0],
            "to": [6,0,1],
            "faces": {
                "west": {
                    "uv": [15,8,16,11],
                    "texture": "#texture"
                },
                "east": {
                    "uv": [15,10,16,11],
                    "texture": "#texture"
                }
            }
        }
    ]
}