{
    "__createdwith": "opl's Model Creator",
    "parent": "block/template_orientable_trapdoor_top",
    "textures": {
        "side": "block/oak_trapdoor_side",
        "particle": "block/oak_trapdoor"
    },
    "elements": [
        {
            "from": [0,13,0],
            "to": [16,16,3],
            "faces": {
                "up": {
                    "texture": "#particle",
                    "cullface": "up"
                },
                "down": {
                    "uv": [0,13,16,16],
                    "texture": "#particle"
                },
                "west": {
                    "uv": [0.0,10.0,3.0,13.0],
                    "texture": "#side",
                    "cullface": "west"
                },
                "east": {
                    "uv": [13.0,10.0,16.0,13.0],
                    "texture": "#side",
                    "cullface": "east"
                },
                "north": {
                    "uv": [0.0,12.0,16.0,15.0],
                    "texture": "#side",
                    "cullface": "north"
                },
                "south": {
                    "uv": [0.0,13.0,16.0,16.0],
                    "texture": "#side"
                }
            }
        },
        {
            "from": [0,13,13],
            "to": [16,16,16],
            "faces": {
                "up": {
                    "texture": "#particle",
                    "cullface": "up"
                },
                "down": {
                    "uv": [0,0,16,3],
                    "texture": "#particle"
                },
                "west": {
                    "uv": [13.0,10.0,16.0,13.0],
                    "texture": "#side",
                    "cullface": "west"
                },
                "east": {
                    "uv": [0.0,10.0,3.0,13.0],
                    "texture": "#side",
                    "cullface": "east"
                },
                "north": {
                    "uv": [0.0,13.0,16.0,16.0],
                    "texture": "#side"
                },
                "south": {
                    "uv": [0.0,13.0,16.0,16.0],
                    "texture": "#side",
                    "cullface": "south"
                }
            }
        },
        {
            "from": [0,13,3],
            "to": [3,16,13],
            "faces": {
                "up": {
                    "texture": "#particle",
                    "cullface": "up"
                },
                "down": {
                    "texture": "#particle"
                },
                "west": {
                    "uv": [3.0,10.0,13.0,13.0],
                    "texture": "#side",
                    "cullface": "west"
                },
                "east": {
                    "uv": [3.0,10.0,13.0,13.0],
                    "texture": "#side"
                }
            }
        },
        {
            "from": [13,13,3],
            "to": [16,16,13],
            "faces": {
                "up": {
                    "texture": "#particle",
                    "cullface": "up"
                },
                "down": {
                    "texture": "#particle"
                },
                "west": {
                    "uv": [3.0,10.0,13.0,13.0],
                    "texture": "#side"
                },
                "east": {
                    "uv": [3.0,10.0,13.0,13.0],
                    "texture": "#side",
                    "cullface": "east"
                }
            }
        },
        {
            "from": [6,13,3],
            "to": [10,16,13],
            "faces": {
                "up": {
                    "texture": "#particle",
                    "cullface": "up"
                },
                "down": {
                    "texture": "#particle"
                },
                "west": {
                    "uv": [3.0,10.0,13.0,13.0],
                    "texture": "#side"
                },
                "east": {
                    "uv": [3.0,10.0,13.0,13.0],
                    "texture": "#side"
                }
            }
        },
        {
            "from": [3,13,6],
            "to": [13,16,10],
            "faces": {
                "up": {
                    "texture": "#particle",
                    "cullface": "up"
                },
                "down": {
                    "texture": "#particle"
                },
                "north": {
                    "uv": [3.0,13.0,13.0,16.0],
                    "texture": "#side"
                },
                "south": {
                    "uv": [3.0,13.0,13.0,16.0],
                    "texture": "#side"
                }
            }
        }
    ]
}