{
    "__createdwith": "opl's Model Creator",
    "parent": "block/template_orientable_trapdoor_open",
    "textures": {
        "side": "block/oak_trapdoor_side",
        "particle": "block/oak_trapdoor"
    },
    "elements": [
        {
            "from": [0,0,13],
            "to": [3,16,16],
            "faces": {
                "up": {
                    "uv": [16.0,16.0,13.0,13.0],
                    "texture": "#side",
                    "cullface": "up"
                },
                "down": {
                    "uv": [16.0,16.0,13.0,13.0],
                    "texture": "#side",
                    "cullface": "down"
                },
                "west": {
                    "uv": [0.0,10.0,16.0,13.0],
                    "texture": "#side",
                    "cullface": "west",
                    "rotation": 90
                },
                "east": {
                    "uv": [13.0,16.0,3.0,13.0],
                    "texture": "#side",
                    "rotation": 90
                },
                "north": {
                    "uv": [13,0,16,16],
                    "texture": "#particle"
                },
                "south": {
                    "texture": "#particle",
                    "cullface": "south"
                }
            }
        },
        {
            "from": [13,0,13],
            "to": [16,16,16],
            "faces": {
                "up": {
                    "uv": [3.0,16.0,0.0,13.0],
                    "texture": "#side",
                    "cullface": "up"
                },
                "down": {
                    "uv": [3.0,16.0,0.0,13.0],
                    "texture": "#side",
                    "cullface": "down"
                },
                "west": {
                    "uv": [0.0,10.0,16.0,13.0],
                    "texture": "#side",
                    "rotation": 90
                },
                "east": {
                    "uv": [16.0,13.0,0.0,10.0],
                    "texture": "#side",
                    "cullface": "east",
                    "rotation": 90
                },
                "north": {
                    "uv": [0,0,3,16],
                    "texture": "#particle"
                },
                "south": {
                    "texture": "#particle",
                    "cullface": "south"
                }
            }
        },
        {
            "from": [3,13,13],
            "to": [13,16,16],
            "faces": {
                "up": {
                    "uv": [13.0,16.0,3.0,13.0],
                    "texture": "#side",
                    "cullface": "up"
                },
                "down": {
                    "uv": [3.0,16.0,13.0,13.0],
                    "texture": "#side"
                },
                "north": {
                    "texture": "#particle"
                },
                "south": {
                    "texture": "#particle",
                    "cullface": "south"
                }
            }
        },
        {
            "from": [3,0,13],
            "to": [13,3,16],
            "faces": {
                "up": {
                    "uv": [13.0,13.0,3.0,16.0],
                    "texture": "#side"
                },
                "down": {
                    "uv": [13.0,13.0,3.0,16.0],
                    "texture": "#side",
                    "cullface": "down"
                },
                "north": {
                    "texture": "#particle"
                },
                "south": {
                    "texture": "#particle",
                    "cullface": "south"
                }
            }
        },
        {
            "from": [3,6,13],
            "to": [13,10,16],
            "faces": {
                "up": {
                    "uv": [13.0,13.0,3.0,16.0],
                    "texture": "#side"
                },
                "down": {
                    "uv": [3.0,16.0,13.0,13.0],
                    "texture": "#side"
                },
                "north": {
                    "texture": "#particle"
                },
                "south": {
                    "texture": "#particle",
                    "cullface": "south"
                }
            }
        },
        {
            "from": [6,3,13],
            "to": [10,13,16],
            "faces": {
                "west": {
                    "uv": [3.0,10.0,13.0,13.0],
                    "texture": "#side",
                    "rotation": 90
                },
                "east": {
                    "uv": [13.0,16.0,3.0,13.0],
                    "texture": "#side",
                    "rotation": 90
                },
                "north": {
                    "texture": "#particle"
                },
                "south": {
                    "texture": "#particle",
                    "cullface": "south"
                }
            }
        }
    ]
}