{   
    "parent": "block/door_top_rh",
    "textures": {
        "particle": "block/oak_door_top",
		"side": "block/oak_door_side"
    },
    "elements": [
        {
            "from": [0,0,0],
            "to": [3,16,3],
            "faces": {
                "up": {
                    "uv": [0,0,3,3],
                    "texture": "#side",
					"cullface": "up"
                },
                "west": {
                    "uv": [16,0,13,16],
                    "texture": "#particle",
					"cullface": "west"
                },
                "east": {
                    "uv": [13,0,16,16],
                    "texture": "#particle"
                },
                "north": {
                    "uv": [6,0,9,16],
                    "texture": "#side",
					"cullface": "north"
                },
                "south": {
                    "uv": [6,0,9,16],
                    "texture": "#side"
                }
            }
        },
        {
            "from": [0,0,13],
            "to": [3,16,16],
            "faces": {
                "up": {
                    "uv": [0,13,3,16],
                    "texture": "#side",
					"cullface": "up"
                },
                "west": {
                    "uv": [3,0,0,16],
                    "texture": "#particle",
					"cullface": "west"
                },
                "east": {
                    "uv": [0,0,3,16],
                    "texture": "#particle"
                },
                "north": {
                    "uv": [6,0,9,16],
                    "texture": "#side"
                },
                "south": {
                    "uv": [6,0,9,16],
                    "texture": "#side",
					"cullface": "south"
                }
            }
        },
        {
            "from": [0,0,3],
            "to": [3,5,13],
            "faces": {
                "up": {
                    "uv": [0,3,3,13],
                    "texture": "#side"
                },
                "west": {
                    "uv": [13,11,3,16],
                    "texture": "#particle",
					"cullface": "west"
                },
                "east": {
                    "texture": "#particle"
                }
            }
        },
        {
            "from": [0,13,3],
            "to": [3,16,13],
            "faces": {
                "up": {
                    "uv": [0,3,3,13],
                    "texture": "#side",
					"cullface": "up"
                },
                "down": {
                    "uv": [3,3,6,13],
                    "texture": "#side"
                },
                "west": {
                    "uv": [13,0,3,3],
                    "texture": "#particle",
					"cullface": "west"
                },
                "east": {
                    "texture": "#particle"
                }
            }
        },
        {
            "from": [0,5,7],
            "to": [3,13,9],
            "faces": {
                "west": {
                    "uv": [9,3,7,11],
                    "texture": "#particle",
					"cullface": "west"
                },
                "east": {
                    "texture": "#particle"
                },
                "north": {
                    "uv": [3,5,6,13],
                    "texture": "#side"
                },
                "south": {
                    "uv": [6,5,9,13],
                    "texture": "#side"
                }
            }
        },
        {
            "from": [0,8,3],
            "to": [3,10,13],
            "faces": {
                "up": {
                    "uv": [0,3,3,13],
                    "texture": "#side"
                },
                "down": {
                    "uv": [3,3,6,13],
                    "texture": "#side"
                },
                "west": {
                    "uv": [13,6,3,8],
                    "texture": "#particle",
					"cullface": "west"
                },
                "east": {
                    "texture": "#particle"
                }
            }
        }
    ]
}