{
    "__createdwith": "opl's Model Creator",
    "parent": "block/template_orientable_trapdoor_bottom",
    "textures": {
        "side": "block/oak_trapdoor_side",
        "particle": "block/oak_trapdoor"
    },
    "elements": [
        {
            "from": [0,0,0],
            "to": [16,3,3],
            "faces": {
                "up": {
                    "texture": "#particle"
                },
                "down": {
                    "uv": [0,13,16,16],
                    "texture": "#particle",
                    "cullface": "down"
                },
                "west": {
                    "uv": [0.0,10.0,3.0,13.0],
                    "texture": "#side",
                    "cullface": "west"
                },
                "east": {
                    "uv": [13.0,10.0,16.0,13.0],
                    "texture": "#side",
                    "cullface": "east"
                },
                "north": {
                    "texture": "#side",
                    "cullface": "north"
                },
                "south": {
                    "texture": "#side"
                }
            }
        },
        {
            "from": [0,0,13],
            "to": [16,3,16],
            "faces": {
                "up": {
                    "texture": "#particle"
                },
                "down": {
                    "uv": [0,0,16,3],
                    "texture": "#particle",
                    "cullface": "down"
                },
                "west": {
                    "uv": [13.0,10.0,16.0,13.0],
                    "texture": "#side",
                    "cullface": "west"
                },
                "east": {
                    "uv": [0.0,10.0,3.0,13.0],
                    "texture": "#side",
                    "cullface": "east"
                },
                "north": {
                    "texture": "#side"
                },
                "south": {
                    "texture": "#side",
                    "cullface": "south"
                }
            }
        },
        {
            "from": [0,0,3],
            "to": [3,3,13],
            "faces": {
                "up": {
                    "texture": "#particle"
                },
                "down": {
                    "texture": "#particle",
                    "cullface": "down"
                },
                "west": {
                    "uv": [3.0,10.0,13.0,13.0],
                    "texture": "#side",
                    "cullface": "west"
                },
                "east": {
                    "uv": [3.0,10.0,13.0,13.0],
                    "texture": "#side"
                }
            }
        },
        {
            "from": [13,0,3],
            "to": [16,3,13],
            "faces": {
                "up": {
                    "texture": "#particle"
                },
                "down": {
                    "texture": "#particle",
                    "cullface": "down"
                },
                "west": {
                    "uv": [3.0,10.0,13.0,13.0],
                    "texture": "#side"
                },
                "east": {
                    "uv": [3.0,10.0,13.0,13.0],
                    "texture": "#side",
                    "cullface": "east"
                }
            }
        },
        {
            "from": [6,0,3],
            "to": [10,3,13],
            "faces": {
                "up": {
                    "texture": "#particle"
                },
                "down": {
                    "texture": "#particle",
                    "cullface": "down"
                },
                "west": {
                    "uv": [3.0,10.0,13.0,13.0],
                    "texture": "#side"
                },
                "east": {
                    "uv": [3.0,10.0,13.0,13.0],
                    "texture": "#side"
                }
            }
        },
        {
            "from": [3,0,6],
            "to": [13,3,10],
            "faces": {
                "up": {
                    "texture": "#particle"
                },
                "down": {
                    "texture": "#particle",
                    "cullface": "down"
                },
                "north": {
                    "texture": "#side"
                },
                "south": {
                    "texture": "#side"
                }
            }
        }
    ]
}