{
	"parent": "block/flower_pot",
    "textures": {
        "particle": "block/flower_pot",
        "flowerpot": "block/flower_pot",
        "dirt": "block/sand",
        "cactus": "block/cactus_side"
    },
    "elements": [
        {
            "from": [5,0,5],
            "to": [6,4,11],
            "faces": {
                "west": {
                    "texture": "#flowerpot"
                },
                "north": {
                    "uv": [10,10,11,16],
                    "texture": "#flowerpot"
                },
                "south": {
                    "texture": "#flowerpot"
                }
            }
        },
        {
            "from": [10,0,5],
            "to": [11,4,11],
            "faces": {
                "east": {
                    "texture": "#flowerpot"
                },
                "north": {
                    "uv": [5,10,6,16],
                    "texture": "#flowerpot"
                },
                "south": {
                    "texture": "#flowerpot"
                }
            }
        },
        {
            "from": [6,0,5],
            "to": [10,4,6],
            "faces": {
                "north": {
                    "texture": "#flowerpot"
                }
            }
        },
        {
            "from": [6,0,10],
            "to": [10,4,11],
            "faces": {
                "south": {
                    "texture": "#flowerpot"
                }
            }
        },
        {
            "from": [5,0,5],
            "to": [11,4,11],
            "faces": {
                "up": {
                    "texture": "#dirt"
                },
                "down": {
                    "uv": [5,10,11,16],
                    "texture": "#flowerpot",
					"cullface": "down"
                }
            }
        },
        {
            "from": [4,4,4],
            "to": [5,6,12],
            "faces": {
                "up": {
                    "uv": [5,5,6,13],
                    "texture": "#flowerpot"
                },
                "down": {
                    "uv": [5,5,6,13],
                    "texture": "#flowerpot"
                },
                "west": {
                    "uv": [5,10,11,12],
                    "texture": "#flowerpot"
                },
                "east": {
                    "texture": "#flowerpot"
                }
            }
        },
        {
            "from": [11,4,4],
            "to": [12,6,12],
            "faces": {
                "up": {
                    "uv": [10,5,11,13],
                    "texture": "#flowerpot"
                },
                "down": {
                    "uv": [10,5,11,13],
                    "texture": "#flowerpot"
                },
                "west": {
                    "uv": [5,10,11,12],
                    "texture": "#flowerpot"
                },
                "east": {
                    "uv": [5,10,11,12],
                    "texture": "#flowerpot"
                }
            }
        },
        {
            "from": [4,4,4],
            "to": [12,6,5],
            "faces": {
                "up": {
                    "uv": [4,5,12,6],
                    "texture": "#flowerpot"
                },
                "down": {
                    "uv": [4,10,12,11],
                    "texture": "#flowerpot"
                },
                "north": {
                    "uv": [5,10,11,12],
                    "texture": "#flowerpot"
                },
                "south": {
                    "texture": "#flowerpot"
                }
            }
        },
        {
            "from": [4,4,11],
            "to": [12,6,12],
            "faces": {
                "up": {
                    "texture": "#flowerpot"
                },
                "down": {
                    "uv": [4,11,12,12],
                    "texture": "#flowerpot"
                },
                "north": {
                    "texture": "#flowerpot"
                },
                "south": {
                    "uv": [5,10,11,12],
                    "texture": "#flowerpot"
                }
            }
        },
        {   "from": [ 6, 4, 6 ],
            "to": [ 10, 8, 10 ],
            "faces": {
                "north": { "uv": [ 6, 8, 10, 12 ], "texture": "#cactus" },
                "south": { "uv": [ 6, 8, 10, 12 ], "texture": "#cactus" },
                "west":  { "uv": [ 6, 8, 10, 12 ], "texture": "#cactus" },
                "east":  { "uv": [ 6, 8, 10, 12 ], "texture": "#cactus" }
            }
        },
        {   "from": [ 6, 8, 6 ],
            "to": [ 10, 12, 10 ],
            "faces": {
                "north": { "uv": [ 6, 4, 10, 8 ], "texture": "#cactus" },
                "south": { "uv": [ 6, 4, 10, 8 ], "texture": "#cactus" },
                "west":  { "uv": [ 6, 4, 10, 8 ], "texture": "#cactus" },
                "east":  { "uv": [ 6, 4, 10, 8 ], "texture": "#cactus" }
            }
        },
        {   "from": [ 6, 12, 6 ],
            "to": [ 10, 16, 10 ],
            "faces": {
                "up":    { "uv": [ 6, 6, 10, 10 ], "texture": "#cactus" },
                "north": { "uv": [ 6, 0, 10, 4 ], "texture": "#cactus" },
                "south": { "uv": [ 6, 0, 10, 4 ], "texture": "#cactus" },
                "west":  { "uv": [ 6, 0, 10, 4 ], "texture": "#cactus" },
                "east":  { "uv": [ 6, 0, 10, 4 ], "texture": "#cactus" }
            }
        }
    ]
}
