{
	"credit": "Made with Blockbench",
	"ambientocclusion": false,
	"textures": {
		"particle": "block/rail_corner",
		"rail": "block/rail_corner"
	},
	"elements": [
		{
			"from": [2.002, 0, 16],
			"to": [3.998, 2, 17],
			"faces": {
				"east": {"uv": [15, 2, 16, 4], "texture": "#rail", "cullface": "south"},
				"south": {"uv": [2, 14, 4, 16], "rotation": 90, "texture": "#rail", "cullface": "south"},
				"west": {"uv": [15, 2, 16, 4], "texture": "#rail", "cullface": "south"},
				"up": {"uv": [16, 2, 15, 4], "rotation": 270, "texture": "#rail", "cullface": "south"},
				"down": {"uv": [15, 2, 16, 4], "rotation": 270, "texture": "#rail", "cullface": "down"}
			}
		},
		{
			"from": [12.001, 0, 16],
			"to": [13.998, 2, 17],
			"faces": {
				"east": {"uv": [15, 14, 16, 12], "texture": "#rail", "cullface": "south"},
				"south": {"uv": [12, 14, 14, 16], "rotation": 270, "texture": "#rail", "cullface": "south"},
				"west": {"uv": [15, 12, 16, 14], "rotation": 180, "texture": "#rail", "cullface": "south"},
				"up": {"uv": [16, 12, 15, 14], "rotation": 270, "texture": "#rail", "cullface": "south"},
				"down": {"uv": [15, 12, 16, 14], "rotation": 270, "texture": "#rail", "cullface": "down"}
			}
		},
		{
			"from": [15.998, 0, 12],
			"to": [16.998, 2, 14],
			"faces": {
				"north": {"uv": [12, 15, 14, 16], "rotation": 270, "texture": "#rail", "cullface": "east"},
				"east": {"uv": [14, 14, 16, 12], "texture": "#rail", "cullface": "east"},
				"south": {"uv": [12, 15, 14, 16], "rotation": 270, "texture": "#rail", "cullface": "east"},
				"up": {"uv": [12, 15, 14, 16], "rotation": 90, "texture": "#rail", "cullface": "east"},
				"down": {"uv": [12, 15, 14, 16], "rotation": 270, "texture": "#rail", "cullface": "down"}
			}
		},
		{
			"from": [15.998, 0, 2],
			"to": [16.998, 2, 4],
			"faces": {
				"north": {"uv": [2, 15, 4, 16], "rotation": 90, "texture": "#rail", "cullface": "east"},
				"east": {"uv": [2, 14, 4, 16], "rotation": 90, "texture": "#rail", "cullface": "east"},
				"south": {"uv": [2, 15, 4, 16], "rotation": 90, "texture": "#rail", "cullface": "east"},
				"up": {"uv": [2, 15, 4, 16], "rotation": 90, "texture": "#rail", "cullface": "east"},
				"down": {"uv": [2, 15, 4, 16], "rotation": 270, "texture": "#rail", "cullface": "down"}
			}
		}
	]
}