{
    "__createdwith": "opl's Model Creator",
    "ambientocclusion": false,
    "textures": {
        "rail": "block/rail",
        "particle": "block/rail"
    },
    "elements": [
        {
            "from": [12.001,0,-1],
            "to": [13.999,2,0],
            "faces": {
                "up": {
                    "uv": [4.0,0.0,2.0,1.0],
                    "texture": "#rail", 
					"cullface": "north"
                },
                "down": {
                    "uv": [2.0,0.0,4.0,1.0],
                    "texture": "#rail",
                    "rotation": 180, 
					"cullface": "down"
                },
                "west": {
                    "uv": [2.0,0.0,4.0,1.0],
                    "texture": "#rail",
                    "rotation": 90, 
					"cullface": "north"
                },
                "east": {
                    "uv": [2.0,15.0,4.0,16.0],
                    "texture": "#rail",
                    "rotation": 90, 
					"cullface": "north"
                },
                "north": {
                    "uv": [14.0,0.0,12.0,2.0],
                    "texture": "#rail", 
					"cullface": "north"
                }
            }
        },
        {
            "from": [2.001,0,-1],
            "to": [3.999,2,0],
            "faces": {
                "up": {
                    "uv": [14.0,0.0,12.0,1.0],
                    "texture": "#rail", 
					"cullface": "north"
                },
                "down": {
                    "uv": [12.0,0.0,14.0,1.0],
                    "texture": "#rail",
                    "rotation": 180, 
					"cullface": "down"
                },
                "west": {
                    "uv": [12.0,0.0,14.0,1.0],
                    "texture": "#rail",
                    "rotation": 270, 
					"cullface": "north"
                },
                "east": {
                    "uv": [12.0,0.0,14.0,1.0],
                    "texture": "#rail",
                    "rotation": 270, 
					"cullface": "north"
                },
                "north": {
                    "uv": [12.0,0.0,14.0,2.0],
                    "texture": "#rail", 
					"cullface": "north"
                }
            }
        },
        {
            "from": [2.001,0,16],
            "to": [3.999,2,17],
            "faces": {
                "up": {
                    "uv": [14.0,15.0,12.0,16.0],
                    "texture": "#rail", 
					"cullface": "south"
                },
                "down": {
                    "uv": [12.0,15.0,14.0,16.0],
                    "texture": "#rail",
                    "rotation": 180, 
					"cullface": "down"
                },
                "west": {
                    "uv": [12.0,15.0,14.0,16.0],
                    "texture": "#rail",
                    "rotation": 270, 
					"cullface": "south"
                },
                "east": {
                    "uv": [12.0,15.0,14.0,16.0],
                    "texture": "#rail",
                    "rotation": 270, 
					"cullface": "south"
                },
                "south": {
                    "uv": [2.0,15.0,4.0,16.0],
                    "texture": "#rail", 
					"cullface": "south"
                }
            }
        },
        {
            "from": [12.001,0,16],
            "to": [13.999,2,17],
            "faces": {
                "up": {
                    "uv": [4.0,15.0,2.0,16.0],
                    "texture": "#rail", 
					"cullface": "south"
                },
                "down": {
                    "uv": [2.0,15.0,4.0,16.0],
                    "texture": "#rail",
                    "rotation": 180, 
					"cullface": "down"
                },
                "west": {
                    "uv": [2.0,15.0,4.0,16.0],
                    "texture": "#rail",
                    "rotation": 90, 
					"cullface": "south"
                },
                "east": {
                    "uv": [2.0,15.0,4.0,16.0],
                    "texture": "#rail",
                    "rotation": 90, 
					"cullface": "south"
                },
                "south": {
                    "uv": [12.0,15.0,14.0,16.0],
                    "texture": "#rail", 
					"cullface": "south"
                }
            }
        }
    ]
}