{
    "__createdwith": "opl's Model Creator",
    "ambientocclusion": false,
    "textures": {
        "rail": "#rail",
        "particle": "#rail"
    },
    "elements": [
        {
            "from": [12.001,0,0],
            "to": [13.999,2,16],
            "faces": {
                "up": {
                    "texture": "#rail"
                },
                "down": {
                    "texture": "#rail", 
					"cullface": "down"
                },
                "west": {
                    "uv": [2.0,0.0,4.0,16.0],
                    "texture": "#rail",
                    "rotation": 90
                },
                "east": {
                    "uv": [2.0,0.0,4.0,16.0],
                    "texture": "#rail",
                    "rotation": 90
                }
            }
        },
        {
            "from": [2.001,0,0],
            "to": [3.999,2,16],
            "faces": {
                "up": {
                    "texture": "#rail"
                },
                "down": {
                    "texture": "#rail", 
					"cullface": "down"
                },
                "west": {
                    "uv": [2.0,0.0,4.0,16.0],
                    "texture": "#rail",
                    "rotation": 90
                },
                "east": {
                    "uv": [2.0,0.0,4.0,16.0],
                    "texture": "#rail",
                    "rotation": 90
                }
            }
        },
        {
            "from": [1,0,1],
            "to": [15,1,3],
            "faces": {
                "up": {
                    "uv": [15.0,15.0,1.0,13.0],
                    "texture": "#rail"
                },
                "down": {
                    "uv": [1.0,13.0,15.0,15.0],
                    "texture": "#rail", 
					"cullface": "down"
                },
                "west": {
                    "uv": [14.0,13.0,15.0,15.0],
                    "texture": "#rail",
                    "rotation": 90
                },
                "east": {
                    "uv": [1.0,13.0,2.0,15.0],
                    "texture": "#rail",
                    "rotation": 270
                },
                "north": {
                    "uv": [1.0,14.0,15.0,15.0],
                    "texture": "#rail"
                },
                "south": {
                    "uv": [1.0,13.0,15.0,14.0],
                    "texture": "#rail"
                }
            }
        },
        {
            "from": [1,0,5],
            "to": [15,1,7],
            "faces": {
                "up": {
                    "uv": [15.0,11.0,1.0,9.0],
                    "texture": "#rail"
                },
                "down": {
                    "uv": [1.0,9.0,15.0,11.0],
                    "texture": "#rail", 
					"cullface": "down"
                },
                "west": {
                    "uv": [14.0,9.0,15.0,11.0],
                    "texture": "#rail",
                    "rotation": 90
                },
                "east": {
                    "uv": [1.0,9.0,2.0,11.0],
                    "texture": "#rail",
                    "rotation": 270
                },
                "north": {
                    "uv": [1.0,10.0,15.0,11.0],
                    "texture": "#rail"
                },
                "south": {
                    "uv": [1.0,9.0,15.0,10.0],
                    "texture": "#rail"
                }
            }
        },
        {
            "from": [1,0,9],
            "to": [15,1,11],
            "faces": {
                "up": {
                    "uv": [15.0,7.0,1.0,5.0],
                    "texture": "#rail"
                },
                "down": {
                    "uv": [1.0,5.0,15.0,7.0],
                    "texture": "#rail", 
					"cullface": "down"
                },
                "west": {
                    "uv": [14.0,5.0,15.0,7.0],
                    "texture": "#rail",
                    "rotation": 90
                },
                "east": {
                    "uv": [1.0,5.0,2.0,7.0],
                    "texture": "#rail",
                    "rotation": 270
                },
                "north": {
                    "uv": [1.0,6.0,15.0,7.0],
                    "texture": "#rail"
                },
                "south": {
                    "uv": [1.0,5.0,15.0,6.0],
                    "texture": "#rail"
                }
            }
        },
        {
            "from": [1,0,13],
            "to": [15,1,15],
            "faces": {
                "up": {
                    "uv": [15.0,3.0,1.0,1.0],
                    "texture": "#rail"
                },
                "down": {
                    "uv": [1.0,1.0,15.0,3.0],
                    "texture": "#rail", 
					"cullface": "down"
                },
                "west": {
                    "uv": [14.0,1.0,15.0,3.0],
                    "texture": "#rail",
                    "rotation": 90
                },
                "east": {
                    "uv": [1.0,1.0,2.0,3.0],
                    "texture": "#rail",
                    "rotation": 270
                },
                "north": {
                    "uv": [1.0,2.0,15.0,3.0],
                    "texture": "#rail"
                },
                "south": {
                    "uv": [1.0,1.0,15.0,2.0],
                    "texture": "#rail"
                }
            }
        },
        {
            "from": [4,0,0],
            "to": [5,1,16],
            "faces": {
                "up": {
                    "uv": [11.0,16.0,12.0,0.0],
                    "texture": "#rail"
                },
                "down": {
                    "texture": "#rail", 
					"cullface": "down"
                },
                "east": {
                    "uv": [4.0,0.0,5.0,16.0],
                    "texture": "#rail",
                    "rotation": 90
                },
                "north": {
                    "texture": "#rail"
                },
                "south": {
                    "texture": "#rail"
                }
            }
        },
        {
            "from": [11,0,0],
            "to": [12,1,16],
            "faces": {
                "up": {
                    "uv": [4.0,16.0,5.0,0.0],
                    "texture": "#rail"
                },
                "down": {
                    "texture": "#rail", 
					"cullface": "down"
                },
                "west": {
                    "uv": [11.0,0.0,12.0,16.0],
                    "texture": "#rail",
                    "rotation": 90
                },
                "east": {
                    "uv": [4.0,0.0,5.0,16.0],
                    "texture": "#rail",
                    "rotation": 90
                },
                "north": {
                    "texture": "#rail"
                },
                "south": {
                    "texture": "#rail"
                }
            }
        },
        {
            "from": [7,0,3],
            "to": [9,1,13],
            "faces": {
                "up": {
                    "uv": [9.0,13.0,7.0,3.0],
                    "texture": "#rail"
                },
                "down": {
                    "texture": "#rail", 
					"cullface": "down"
                },
                "west": {
                    "uv": [8.0,3.0,9.0,13.0],
                    "texture": "#rail",
                    "rotation": 90
                },
                "east": {
                    "uv": [7.0,13.0,8.0,3.0],
                    "texture": "#rail",
                    "rotation": 90
                }
            }
        },
        {
            "from": [5,0,7],
            "to": [11,1,9],
            "faces": {
                "up": {
                    "uv": [11.0,9.0,5.0,7.0],
                    "texture": "#rail"
                },
                "down": {
                    "texture": "#rail", 
					"cullface": "down"
                },
                "west": {
                    "uv": [10.0,7.0,11.0,9.0],
                    "texture": "#rail",
                    "rotation": 90
                },
                "east": {
                    "uv": [5.0,7.0,6.0,9.0],
                    "texture": "#rail",
                    "rotation": 270
                }
            }
        }
    ]
}