{
	"credit": "Made with Blockbench",
	"textures": {
		"particle": "block/snow",
		"overlay": "block/snow_overlay"
	},
	"elements": [
		{
			"from": [0, -5, -0.099],
			"to": [16, 0, -0.099],
			"rotation": {"angle": 0, "axis": "y", "origin": [8, -8, 10]},
			"faces": {
				"north": {"uv": [0, 0, 16, 5], "texture": "#overlay", "cullface": "north"}
			}
		},
		{
			"from": [0, -5, -0.001],
			"to": [16, 0, -0.001],
			"rotation": {"angle": 0, "axis": "y", "origin": [8, -8, 10]},
			"faces": {
				"north": {"uv": [0, 0, 16, 5], "texture": "#overlay", "cullface": "north"},
				"south": {"uv": [16, 0, 0, 5], "texture": "#overlay", "cullface": "down"}
			}
		},
		{
			"from": [-0.099, -6, 3],
			"to": [-0.099, -5, 11],
			"rotation": {"angle": 0, "axis": "y", "origin": [8, -8, 8]},
			"faces": {
				"west": {"uv": [3, 5, 11, 6], "texture": "#overlay", "cullface": "west"}
			}
		},
		{
			"from": [-0.001, -6, 14],
			"to": [-0.001, -5, 15],
			"rotation": {"angle": 0, "axis": "y", "origin": [2, -8, 8]},
			"faces": {
				"east": {"uv": [14, 5, 15, 6], "texture": "#overlay", "cullface": "down"}
			}
		},
		{
			"from": [-0.001, -7, 4],
			"to": [-0.001, -6, 5],
			"rotation": {"angle": 0, "axis": "y", "origin": [2, -8, 8]},
			"faces": {
				"east": {"uv": [4, 6, 5, 7], "texture": "#overlay", "cullface": "down"}
			}
		},
		{
			"from": [-0.001, -6, 1],
			"to": [-0.001, -5, 2],
			"rotation": {"angle": 0, "axis": "y", "origin": [2, -8, 8]},
			"faces": {
				"east": {"uv": [1, 5, 2, 6], "texture": "#overlay", "cullface": "down"}
			}
		},
		{
			"from": [-0.001, -6, 3],
			"to": [-0.001, -5, 11],
			"rotation": {"angle": 0, "axis": "y", "origin": [2, -8, 8]},
			"faces": {
				"east": {"uv": [11, 5, 3, 6], "texture": "#overlay", "cullface": "down"}
			}
		},
		{
			"from": [16.099, -7, 11],
			"to": [16.099, -6, 12],
			"rotation": {"angle": 0, "axis": "y", "origin": [8, -8, 8]},
			"faces": {
				"east": {"uv": [4, 6, 5, 7], "texture": "#overlay", "cullface": "east"}
			}
		},
		{
			"from": [16.099, -6, 1],
			"to": [16.099, -5, 2],
			"rotation": {"angle": 0, "axis": "y", "origin": [8, -8, 8]},
			"faces": {
				"east": {"uv": [14, 5, 15, 6], "texture": "#overlay", "cullface": "east"}
			}
		},
		{
			"from": [16.099, -5, 0],
			"to": [16.099, 0, 16],
			"rotation": {"angle": 0, "axis": "y", "origin": [8, -8, 8]},
			"faces": {
				"east": {"uv": [0, 0, 16, 5], "texture": "#overlay", "cullface": "east"}
			}
		},
		{
			"from": [16.001, -5, 0],
			"to": [16.001, 0, 16],
			"rotation": {"angle": 0, "axis": "y", "origin": [8, -8, 8]},
			"faces": {
				"east": {"uv": [0, 0, 16, 5], "texture": "#overlay", "cullface": "east"},
				"west": {"uv": [16, 0, 0, 5], "texture": "#overlay", "cullface": "down"}
			}
		},
		{
			"from": [4, -7, 16.099],
			"to": [5, -6, 16.099],
			"rotation": {"angle": 0, "axis": "y", "origin": [8, -8, 8]},
			"faces": {
				"south": {"uv": [4, 6, 5, 7], "texture": "#overlay", "cullface": "south"}
			}
		},
		{
			"from": [3, -6, 16.099],
			"to": [11, -5, 16.099],
			"rotation": {"angle": 0, "axis": "y", "origin": [8, -8, 8]},
			"faces": {
				"south": {"uv": [3, 5, 11, 6], "texture": "#overlay", "cullface": "south"}
			}
		},
		{
			"from": [1, -6, 16.099],
			"to": [2, -5, 16.099],
			"rotation": {"angle": 0, "axis": "y", "origin": [8, -8, 8]},
			"faces": {
				"south": {"uv": [1, 5, 2, 6], "texture": "#overlay", "cullface": "south"}
			}
		},
		{
			"from": [14, -6, 16.099],
			"to": [15, -5, 16.099],
			"rotation": {"angle": 0, "axis": "y", "origin": [8, -8, 8]},
			"faces": {
				"south": {"uv": [14, 5, 15, 6], "texture": "#overlay", "cullface": "south"}
			}
		},
		{
			"from": [0, -5, 16.099],
			"to": [16, 0, 16.099],
			"rotation": {"angle": 0, "axis": "y", "origin": [8, -8, 8]},
			"faces": {
				"south": {"uv": [0, 0, 16, 5], "texture": "#overlay", "cullface": "south"}
			}
		},
		{
			"from": [0, -5, 16.001],
			"to": [16, 0, 16.001],
			"rotation": {"angle": 0, "axis": "y", "origin": [8, -8, 8]},
			"faces": {
				"north": {"uv": [16, 0, 0, 5], "texture": "#overlay", "cullface": "down"},
				"south": {"uv": [0, 0, 16, 5], "texture": "#overlay", "cullface": "south"}
			}
		},
		{
			"from": [16.099, -6, 14],
			"to": [16.099, -5, 15],
			"rotation": {"angle": 0, "axis": "y", "origin": [8, -8, 8]},
			"faces": {
				"east": {"uv": [1, 5, 2, 6], "texture": "#overlay", "cullface": "east"}
			}
		},
		{
			"from": [16.099, -6, 5],
			"to": [16.099, -5, 13],
			"rotation": {"angle": 0, "axis": "y", "origin": [8, -8, 8]},
			"faces": {
				"east": {"uv": [3, 5, 11, 6], "texture": "#overlay", "cullface": "east"}
			}
		},
		{
			"from": [-0.099, -6, 1],
			"to": [-0.099, -5, 2],
			"rotation": {"angle": 0, "axis": "y", "origin": [8, -8, 8]},
			"faces": {
				"west": {"uv": [1, 5, 2, 6], "texture": "#overlay", "cullface": "west"}
			}
		},
		{
			"from": [-0.099, -7, 4],
			"to": [-0.099, -6, 5],
			"rotation": {"angle": 0, "axis": "y", "origin": [8, -8, 8]},
			"faces": {
				"west": {"uv": [4, 6, 5, 7], "texture": "#overlay", "cullface": "west"}
			}
		},
		{
			"from": [-0.099, -6, 14],
			"to": [-0.099, -5, 15],
			"rotation": {"angle": 0, "axis": "y", "origin": [8, -8, 8]},
			"faces": {
				"west": {"uv": [14, 5, 15, 6], "texture": "#overlay", "cullface": "west"}
			}
		},
		{
			"from": [-0.099, -5, 0],
			"to": [-0.099, 0, 16],
			"rotation": {"angle": 0, "axis": "y", "origin": [8, -8, 8]},
			"faces": {
				"west": {"uv": [0, 0, 16, 5], "texture": "#overlay", "cullface": "west"}
			}
		},
		{
			"from": [-0.001, -5, 0],
			"to": [-0.001, 0, 16],
			"rotation": {"angle": 0, "axis": "y", "origin": [8, -8, 8]},
			"faces": {
				"east": {"uv": [16, 0, 0, 5], "texture": "#overlay", "cullface": "down"},
				"west": {"uv": [0, 0, 16, 5], "texture": "#overlay", "cullface": "west"}
			}
		},
		{
			"from": [1, -6, -0.099],
			"to": [2, -5, -0.099],
			"rotation": {"angle": 0, "axis": "y", "origin": [8, -8, 10]},
			"faces": {
				"north": {"uv": [14, 5, 15, 6], "texture": "#overlay", "cullface": "north"}
			}
		},
		{
			"from": [11, -7, -0.099],
			"to": [12, -6, -0.099],
			"rotation": {"angle": 0, "axis": "y", "origin": [8, -8, 10]},
			"faces": {
				"north": {"uv": [4, 6, 5, 7], "texture": "#overlay", "cullface": "north"}
			}
		},
		{
			"from": [14, -6, -0.099],
			"to": [15, -5, -0.099],
			"rotation": {"angle": 0, "axis": "y", "origin": [8, -8, 10]},
			"faces": {
				"north": {"uv": [1, 5, 2, 6], "texture": "#overlay", "cullface": "north"}
			}
		},
		{
			"from": [5, -6, -0.099],
			"to": [13, -5, -0.099],
			"rotation": {"angle": 0, "axis": "y", "origin": [8, -8, 10]},
			"faces": {
				"north": {"uv": [3, 5, 11, 6], "texture": "#overlay", "cullface": "north"}
			}
		},
		{
			"from": [11, -7, -0.001],
			"to": [12, -6, -0.001],
			"rotation": {"angle": 0, "axis": "y", "origin": [8, -8, 0]},
			"faces": {
				"south": {"uv": [4, 6, 5, 7], "texture": "#overlay", "cullface": "down"}
			}
		},
		{
			"from": [14, -6, -0.001],
			"to": [15, -5, -0.001],
			"rotation": {"angle": 0, "axis": "y", "origin": [8, -8, 0]},
			"faces": {
				"south": {"uv": [1, 5, 2, 6], "texture": "#overlay", "cullface": "down"}
			}
		},
		{
			"from": [1, -6, -0.001],
			"to": [2, -5, -0.001],
			"rotation": {"angle": 0, "axis": "y", "origin": [8, -8, 0]},
			"faces": {
				"south": {"uv": [14, 5, 15, 6], "texture": "#overlay", "cullface": "down"}
			}
		},
		{
			"from": [5, -6, -0.001],
			"to": [13, -5, -0.001],
			"rotation": {"angle": 0, "axis": "y", "origin": [8, -8, 0]},
			"faces": {
				"south": {"uv": [11, 5, 3, 6], "texture": "#overlay", "cullface": "down"}
			}
		},
		{
			"from": [16.001, -6, 1],
			"to": [16.001, -5, 2],
			"rotation": {"angle": 0, "axis": "y", "origin": [8, -8, 16]},
			"faces": {
				"west": {"uv": [14, 5, 15, 6], "texture": "#overlay", "cullface": "down"}
			}
		},
		{
			"from": [16.001, -6, 5],
			"to": [16.001, -5, 13],
			"rotation": {"angle": 0, "axis": "y", "origin": [8, -8, 16]},
			"faces": {
				"west": {"uv": [11, 5, 3, 6], "texture": "#overlay", "cullface": "down"}
			}
		},
		{
			"from": [16.001, -6, 14],
			"to": [16.001, -5, 15],
			"rotation": {"angle": 0, "axis": "y", "origin": [8, -8, 16]},
			"faces": {
				"west": {"uv": [1, 5, 2, 6], "texture": "#overlay", "cullface": "down"}
			}
		},
		{
			"from": [16.001, -7, 11],
			"to": [16.001, -6, 12],
			"rotation": {"angle": 0, "axis": "y", "origin": [8, -8, 16]},
			"faces": {
				"west": {"uv": [4, 6, 5, 7], "texture": "#overlay", "cullface": "down"}
			}
		},
		{
			"from": [4, -7, 16.001],
			"to": [5, -6, 16.001],
			"rotation": {"angle": 0, "axis": "y", "origin": [8, -8, 16]},
			"faces": {
				"north": {"uv": [4, 6, 5, 7], "texture": "#overlay", "cullface": "down"}
			}
		},
		{
			"from": [1, -6, 16.001],
			"to": [2, -5, 16.001],
			"rotation": {"angle": 0, "axis": "y", "origin": [8, -8, 16]},
			"faces": {
				"north": {"uv": [1, 5, 2, 6], "texture": "#overlay", "cullface": "down"}
			}
		},
		{
			"from": [14, -6, 16.001],
			"to": [15, -5, 16.001],
			"rotation": {"angle": 0, "axis": "y", "origin": [8, -8, 16]},
			"faces": {
				"north": {"uv": [14, 5, 15, 6], "texture": "#overlay", "cullface": "down"}
			}
		},
		{
			"from": [3, -6, 16.001],
			"to": [11, -5, 16.001],
			"rotation": {"angle": 0, "axis": "y", "origin": [8, -8, 16]},
			"faces": {
				"north": {"uv": [11, 5, 3, 6], "texture": "#overlay", "cullface": "down"}
			}
		}
	]
}