{
    "__createdwith": "opl's Model Creator",
    "ambientocclusion": true,
    "textures": {
        "particle": "#texture",
        "side": "#side"
    },
    "elements": [
        {
            "from": [0,0,13],
            "to": [16,16,16],
            "faces": {
                "up": {
                    "uv": [16,16,0,13],
                    "texture": "#side",
					"cullface": "up"
                },
                "down": {
                    "uv": [0,13,16,16],
                    "texture": "#side",
					"cullface": "down"
                },
                "west": {
                    "uv": [0,10,16,13],
                    "texture": "#side",
                    "rotation": 90,
					"cullface": "west"
                },
                "east": {
                    "uv": [16,13,0,10],
                    "texture": "#side",
                    "rotation": 90,
					"cullface": "east"
                },
                "north": {
                    "uv": [0.0,16.0,16.0,0.0],
                    "texture": "#texture"
                },
                "south": {
                    "uv": [0.0,16.0,16.0,0.0],
                    "texture": "#texture",
					"cullface": "south"
                }
            }
        }
    ]
}