{
	"credit": "Made with Blockbench",
	"ambientocclusion": false,
	"textures": {
		"particle": "block/",
		"rail": "block/"
	},
	"elements": [
		{
			"from": [12, 8, 0],
			"to": [14, 10, 16],
			"rotation": {"angle": -45, "axis": "x", "origin": [8, 9, 8], "rescale": true},
			"faces": {
				"north": {"uv": [2, 14, 4, 16], "texture": "#rail"},
				"east": {"uv": [2, 0, 4, 16], "rotation": 90, "texture": "#rail"},
				"south": {"uv": [12, 14, 14, 16], "texture": "#rail"},
				"west": {"uv": [2, 0, 4, 16], "rotation": 90, "texture": "#rail"},
				"up": {"uv": [4, 0, 2, 16], "texture": "#rail"},
				"down": {"uv": [14, 16, 12, 0], "rotation": 180, "texture": "#rail"}
			}
		},
		{
			"from": [2, 8, 0],
			"to": [4, 10, 16],
			"rotation": {"angle": -45, "axis": "x", "origin": [8, 9, 8], "rescale": true},
			"faces": {
				"north": {"uv": [12, 14, 14, 16], "texture": "#rail"},
				"east": {"uv": [2, 0, 4, 16], "rotation": 90, "texture": "#rail"},
				"south": {"uv": [2, 14, 4, 16], "texture": "#rail"},
				"west": {"uv": [2, 0, 4, 16], "rotation": 90, "texture": "#rail"},
				"up": {"uv": [14, 0, 11.998, 16], "texture": "#rail"},
				"down": {"uv": [4, 16, 2, 0], "rotation": 180, "texture": "#rail"}
			}
		},
		{
			"from": [1, 8, 1],
			"to": [15, 9, 3],
			"rotation": {"angle": -45, "axis": "x", "origin": [8, 9, 8], "rescale": true},
			"faces": {
				"north": {"uv": [1, 14, 15, 15], "texture": "#rail"},
				"east": {"uv": [1, 13, 2, 15], "rotation": 270, "texture": "#rail"},
				"south": {"uv": [1, 13, 15, 14], "texture": "#rail"},
				"west": {"uv": [14, 13, 15, 15], "rotation": 90, "texture": "#rail"},
				"up": {"uv": [1, 15, 15.002, 13], "texture": "#rail"},
				"down": {"uv": [15, 15, 0.998, 13], "rotation": 180, "texture": "#rail"}
			}
		},
		{
			"from": [1, 8, 5],
			"to": [15, 9, 7],
			"rotation": {"angle": -45, "axis": "x", "origin": [8, 9, 8], "rescale": true},
			"faces": {
				"north": {"uv": [1, 10, 15, 11], "texture": "#rail"},
				"east": {"uv": [1, 9, 2, 11], "rotation": 270, "texture": "#rail"},
				"south": {"uv": [1, 9, 15, 10], "texture": "#rail"},
				"west": {"uv": [14, 9, 15, 11], "rotation": 90, "texture": "#rail"},
				"up": {"uv": [1, 11, 15.002, 9], "texture": "#rail"},
				"down": {"uv": [15, 11, 0.998, 9], "rotation": 180, "texture": "#rail"}
			}
		},
		{
			"from": [1, 8, 9],
			"to": [15, 9, 11],
			"rotation": {"angle": -45, "axis": "x", "origin": [8, 9, 8], "rescale": true},
			"faces": {
				"north": {"uv": [1, 6, 15, 7], "texture": "#rail"},
				"east": {"uv": [1, 5, 2, 7], "rotation": 270, "texture": "#rail"},
				"south": {"uv": [1, 5, 15, 6], "texture": "#rail"},
				"west": {"uv": [14, 5, 15, 7], "rotation": 90, "texture": "#rail"},
				"up": {"uv": [1, 7, 15.002, 5], "texture": "#rail"},
				"down": {"uv": [15, 7, 0.998, 5], "rotation": 180, "texture": "#rail"}
			}
		},
		{
			"from": [1, 8, 13],
			"to": [15, 9, 15],
			"rotation": {"angle": -45, "axis": "x", "origin": [8, 9, 8], "rescale": true},
			"faces": {
				"north": {"uv": [1, 2, 15, 3], "texture": "#rail"},
				"east": {"uv": [1, 1, 2, 3], "rotation": 270, "texture": "#rail"},
				"south": {"uv": [1, 1, 15, 2], "texture": "#rail"},
				"west": {"uv": [14, 1, 15, 3], "rotation": 90, "texture": "#rail"},
				"up": {"uv": [1, 3, 15.002, 1], "texture": "#rail"},
				"down": {"uv": [15, 3, 0.998, 1], "rotation": 180, "texture": "#rail"}
			}
		},
		{
			"from": [4, 8, 0],
			"to": [5, 9, 16],
			"rotation": {"angle": -45, "axis": "x", "origin": [8, 9, 8], "rescale": true},
			"faces": {
				"north": {"uv": [0, 0, 1, 1], "texture": "#rail"},
				"east": {"uv": [4, 0, 5, 16], "rotation": 90, "texture": "#rail"},
				"south": {"uv": [0, 0, 1, 1], "texture": "#rail"},
				"up": {"uv": [11, 16, 12.002, 0], "texture": "#rail"},
				"down": {"uv": [5.002, 16, 4, 0], "rotation": 180, "texture": "#rail"}
			}
		},
		{
			"from": [11, 8, 0],
			"to": [12, 9, 16],
			"rotation": {"angle": -45, "axis": "x", "origin": [8, 9, 8], "rescale": true},
			"faces": {
				"north": {"uv": [0, 0, 1, 1], "texture": "#rail"},
				"south": {"uv": [0, 0, 1, 1], "texture": "#rail"},
				"west": {"uv": [11, 0, 12, 16], "rotation": 90, "texture": "#rail"},
				"up": {"uv": [4, 16, 5.002, 0], "texture": "#rail"},
				"down": {"uv": [12.002, 16, 11, 0], "rotation": 180, "texture": "#rail"}
			}
		},
		{
			"from": [7, 8, 3],
			"to": [9, 9, 13],
			"rotation": {"angle": -45, "axis": "x", "origin": [8, 9, 8], "rescale": true},
			"faces": {
				"east": {"uv": [7, 13, 8, 3], "rotation": 90, "texture": "#rail"},
				"west": {"uv": [8, 3, 9, 13], "rotation": 90, "texture": "#rail"},
				"up": {"uv": [7, 13, 9.002, 3], "texture": "#rail"},
				"down": {"uv": [9.002, 13, 7, 3], "rotation": 180, "texture": "#rail"}
			}
		},
		{
			"from": [5, 8, 7],
			"to": [11, 9, 9],
			"rotation": {"angle": -45, "axis": "x", "origin": [8, 9, 8], "rescale": true},
			"faces": {
				"east": {"uv": [5, 7, 6, 9], "rotation": 270, "texture": "#rail"},
				"west": {"uv": [10, 7, 11, 9], "rotation": 90, "texture": "#rail"},
				"up": {"uv": [11, 9, 4.998, 7], "texture": "#rail"},
				"down": {"uv": [11.002, 9, 5, 7], "rotation": 180, "texture": "#rail"}
			}
		},
		{
			"from": [2, 8, -1],
			"to": [4, 9, 0],
			"rotation": {"angle": -45, "axis": "x", "origin": [8, 9, 8], "rescale": true},
			"faces": {
				"north": {"uv": [12, 0, 14, 1], "texture": "#rail"},
				"east": {"uv": [12, 0, 13, 1], "rotation": 90, "texture": "#rail"},
				"south": {"uv": [12, 14, 14, 16], "texture": "#missing"},
				"west": {"uv": [12, 0, 13, 1], "rotation": 90, "texture": "#rail"},
				"up": {"uv": [11.999, 0, 14, 1], "rotation": 180, "texture": "#rail"},
				"down": {"uv": [11.999, 0, 14, 1], "rotation": 180, "texture": "#rail"}
			}
		},
		{
			"from": [12, 8, -1],
			"to": [14, 9, 0],
			"rotation": {"angle": -45, "axis": "x", "origin": [8, 9, 8], "rescale": true},
			"faces": {
				"north": {"uv": [2, 0, 4, 1], "texture": "#rail"},
				"east": {"uv": [3, 0, 4, 1], "rotation": 90, "texture": "#rail"},
				"south": {"uv": [12, 14, 14, 16], "texture": "#missing"},
				"west": {"uv": [3, 0, 4, 1], "rotation": 90, "texture": "#rail"},
				"up": {"uv": [1.999, 0, 4, 1], "rotation": 180, "texture": "#rail"},
				"down": {"uv": [12, 0, 14.002, 1], "rotation": 180, "texture": "#rail"}
			}
		}
	]
}