{
    "__createdwith": "opl's Model Creator",
    "parent": "block/thin_block",
    "ambientocclusion": true,
    "textures": {
        "particle": "#texture",
        "side": "#side"
    },
    "elements": [
        {
            "from": [0,13,0],
            "to": [16,16,16],
            "faces": {
                "up": {
                    "uv": [0,16,16,0],
                    "texture": "#particle",
					"cullface": "up"
                },
                "down": {
                    "texture": "#particle"
                },
                "west": {
                    "uv": [0,10,16,13],
                    "texture": "#side",
					"cullface": "west"
                },
                "east": {
                    "uv": [0,10,16,13],
                    "texture": "#side",
					"cullface": "east"
                },
                "north": {
                    "uv": [0,13,16,16],
                    "texture": "#side",
					"cullface": "north"
                },
                "south": {
                    "uv": [0,13,16,16],
                    "texture": "#side",
					"cullface": "south"
                }
            }
        }
    ]
}