{
	"credit": "Made with Blockbench",
	"parent": "block/template_orientable_trapdoor_open",
	"textures": {
		"side": "block/warped_trapdoor_side",
		"particle": "block/warped_trapdoor"
	},
	"elements": [
		{
			"from": [0, 13, 13],
			"to": [16, 16, 16],
			"faces": {
				"north": {"uv": [0, 16, 16, 13], "texture": "#particle"},
				"east": {"uv": [0, 10, 3, 13], "rotation": 90, "texture": "#side", "cullface": "east"},
				"south": {"uv": [0, 13, 16, 16], "rotation": 180, "texture": "#particle", "cullface": "south" },
				"west": {"uv": [3, 10, 0, 13], "rotation": 270, "texture": "#side", "cullface": "west"},
				"up": {"uv": [0, 13, 16, 16], "texture": "#side", "cullface": "up"},
				"down": {"uv": [0, 13, 16, 16], "rotation": 180, "texture": "#side"}
			}
		},
		{
			"from": [0, 0, 13],
			"to": [16, 3, 16],
			"faces": {
				"north": {"uv": [0, 3, 16, 0], "texture": "#particle"},
				"east": {"uv": [13, 10, 16, 13], "rotation": 90, "texture": "#side", "cullface": "east"},
				"south": {"uv": [0, 0, 16, 3], "rotation": 180, "texture": "#particle", "cullface": "south" },
				"west": {"uv": [16, 10, 13, 13], "rotation": 270, "texture": "#side", "cullface": "west"},
				"up": {"uv": [0, 13, 16, 16], "texture": "#side"},
				"down": {"uv": [0, 13, 16, 16], "rotation": 180, "texture": "#side", "cullface": "down"}
			}
		},
		{
			"from": [13, 3, 13],
			"to": [16, 13, 16],
			"faces": {
				"north": {"uv": [0, 13, 3, 3], "texture": "#particle"},
				"east": {"uv": [3, 10, 13, 13], "rotation": 90, "texture": "#side", "cullface": "east"},
				"south": {"uv": [0, 3, 3, 13], "rotation": 180, "texture": "#particle", "cullface": "south"},
				"west": {"uv": [13, 10, 3, 13], "rotation": 270, "texture": "#side"}
			}
		},
		{
			"from": [12, 6, 13],
			"to": [13, 8, 16],
			"faces": {
				"north": {"uv": [3, 8, 4, 6], "texture": "#particle"},
				"south": {"uv": [3, 6, 4, 8], "rotation": 180, "texture": "#particle", "cullface": "south"},
				"west": {"uv": [10, 10, 8, 13], "rotation": 270, "texture": "#side"},
				"up": {"uv": [3, 13, 4, 16], "texture": "#side"},
				"down": {"uv": [12, 10, 13, 13], "rotation": 180, "texture": "#side"}
			}
		},
		{
			"from": [10, 3, 13],
			"to": [12, 5, 16],
			"faces": {
				"north": {"uv": [4, 5, 6, 3], "texture": "#particle"},
				"east": {"uv": [11, 10, 13, 13], "rotation": 90, "texture": "#side"},
				"south": {"uv": [4, 3, 6, 5], "rotation": 180, "texture": "#particle", "cullface": "south"},
				"west": {"uv": [13, 10, 11, 13], "rotation": 270, "texture": "#side"},
				"up": {"uv": [4, 13, 6, 16], "texture": "#side"}
			}
		},
		{
			"from": [10, 5, 13],
			"to": [11, 6, 16],
			"faces": {
				"north": {"uv": [5, 5, 6, 6], "texture": "#particle"},
				"east": {"uv": [10, 10, 11, 13], "rotation": 90, "texture": "#side"},
				"south": {"uv": [5, 5, 6, 6], "rotation": 180, "texture": "#particle", "cullface": "south"},
				"up": {"uv": [5, 13, 6, 16], "texture": "#side"}
			}
		},
		{
			"from": [7, 3, 13],
			"to": [8, 4, 16],
			"faces": {
				"north": {"uv": [8, 3, 9, 4], "texture": "#particle"},
				"east": {"uv": [12, 10, 13, 13], "rotation": 90, "texture": "#side"},
				"south": {"uv": [8, 3, 9, 4], "rotation": 180, "texture": "#particle", "cullface": "south"},
				"up": {"uv": [7, 13, 8, 16], "texture": "#side"}
			}
		},
		{
			"from": [5, 3, 13],
			"to": [6, 4, 16],
			"faces": {
				"north": {"uv": [10, 3, 11, 4], "texture": "#particle"},
				"south": {"uv": [10, 3, 11, 4], "rotation": 180, "texture": "#particle", "cullface": "south"},
				"west": {"uv": [13, 10, 12, 13], "rotation": 270, "texture": "#side"},
				"up": {"uv": [5, 13, 6, 16], "texture": "#side"}
			}
		},
		{
			"from": [10, 8, 13],
			"to": [11, 9, 16],
			"faces": {
				"north": {"uv": [5, 8, 6, 9], "texture": "#particle"},
				"east": {"uv": [7, 10, 8, 13], "rotation": 90, "texture": "#side"},
				"south": {"uv": [5, 8, 6, 9], "rotation": 180, "texture": "#particle", "cullface": "south"},
				"down": {"uv": [10, 13, 11, 16], "rotation": 180, "texture": "#side"}
			}
		},
		{
			"from": [9, 12, 13],
			"to": [10, 13, 16],
			"faces": {
				"north": {"uv": [6, 12, 7, 13], "rotation": 270, "texture": "#particle"},
				"south": {"uv": [6, 12, 7, 13], "rotation": 270, "texture": "#particle", "cullface": "south"},
				"west": {"uv": [4, 10, 3, 13], "rotation": 270, "texture": "#side"},
				"down": {"uv": [9, 13, 10, 16], "rotation": 180, "texture": "#side"}
			}
		},
		{
			"from": [4, 12, 13],
			"to": [5, 13, 16],
			"faces": {
				"north": {"uv": [11, 12, 12, 13], "rotation": 270, "texture": "#particle"},
				"east": {"uv": [3, 10, 4, 13], "rotation": 90, "texture": "#side"},
				"south": {"uv": [11, 12, 12, 13], "rotation": 270, "texture": "#particle", "cullface": "south"},
				"west": {"uv": [4, 10, 3, 13], "rotation": 270, "texture": "#side"},
				"down": {"uv": [11, 13, 12, 16], "rotation": 180, "texture": "#side"}
			}
		},
		{
			"from": [6, 10, 13],
			"to": [7, 13, 16],
			"faces": {
				"north": {"uv": [9, 10, 10, 13], "rotation": 270, "texture": "#particle"},
				"east": {"uv": [3, 10, 6, 13], "rotation": 90, "texture": "#side"},
				"south": {"uv": [9, 10, 10, 13], "rotation": 270, "texture": "#particle", "cullface": "south"},
				"west": {"uv": [6, 10, 3, 13], "rotation": 270, "texture": "#side"},
				"down": {"uv": [9, 13, 10, 16], "rotation": 180, "texture": "#side"}
			}
		},
		{
			"from": [3, 5, 13],
			"to": [4, 10, 16],
			"faces": {
				"north": {"uv": [12, 10, 13, 5], "texture": "#particle"},
				"east": {"uv": [6, 10, 11, 13], "rotation": 90, "texture": "#side"},
				"south": {"uv": [12, 5, 13, 10], "rotation": 180, "texture": "#particle", "cullface": "south"},
				"up": {"uv": [12, 13, 13, 16], "texture": "#side"},
				"down": {"uv": [3, 10, 4, 13], "rotation": 180, "texture": "#side"}
			}
		},
		{
			"from": [9, 4, 13],
			"to": [10, 10, 16],
			"faces": {
				"north": {"uv": [6, 10, 7, 4], "texture": "#particle"},
				"east": {"uv": [6, 10, 12, 13], "rotation": 90, "texture": "#side"},
				"south": {"uv": [6, 4, 7, 10], "rotation": 180, "texture": "#particle", "cullface": "south"},
				"west": {"uv": [12, 10, 6, 13], "rotation": 270, "texture": "#side"},
				"up": {"uv": [6, 13, 7, 16], "texture": "#side"},
				"down": {"uv": [9, 13, 10, 16], "rotation": 180, "texture": "#side"}
			}
		},
		{
			"from": [6, 3, 13],
			"to": [7, 7, 16],
			"faces": {
				"north": {"uv": [9, 7, 10, 3], "texture": "#particle"},
				"east": {"uv": [8, 10, 13, 13], "rotation": 90, "texture": "#side"},
				"south": {"uv": [9, 3, 10, 7], "rotation": 180, "texture": "#particle", "cullface": "south"},
				"west": {"uv": [13, 10, 8, 13], "rotation": 270, "texture": "#side"},
				"up": {"uv": [6, 13, 7, 16], "texture": "#side"}
			}
		},
		{
			"from": [5, 5, 13],
			"to": [6, 12, 16],
			"faces": {
				"north": {"uv": [10, 12, 11, 5], "texture": "#particle"},
				"east": {"uv": [4, 10, 11, 13], "rotation": 90, "texture": "#side"},
				"south": {"uv": [10, 5, 11, 12], "rotation": 180, "texture": "#particle", "cullface": "south"},
				"west": {"uv": [11, 10, 4, 13], "rotation": 270, "texture": "#side"},
				"up": {"uv": [5, 13, 6, 16], "texture": "#side"},
				"down": {"uv": [10, 13, 11, 16], "rotation": 180, "texture": "#side"}
			}
		},
		{
			"from": [10, 9, 13],
			"to": [12, 13, 16],
			"faces": {
				"north": {"uv": [4, 13, 6, 9], "texture": "#particle"},
				"east": {"uv": [3, 10, 7, 13], "rotation": 90, "texture": "#side"},
				"south": {"uv": [4, 9, 6, 13], "rotation": 180, "texture": "#particle", "cullface": "south"},
				"west": {"uv": [7, 10, 3, 13], "rotation": 270, "texture": "#side"},
				"down": {"uv": [10, 13, 12, 16], "rotation": 180, "texture": "#side"}
			}
		},
		{
			"from": [0, 3, 13],
			"to": [3, 13, 16],
			"faces": {
				"north": {"uv": [13, 13, 16, 3], "texture": "#particle"},
				"east": {"uv": [3, 10, 13, 13], "rotation": 90, "texture": "#side"},
				"south": {"uv": [13, 3, 16, 13], "rotation": 180, "texture": "#particle", "cullface": "south"},
				"west": {"uv": [13, 10, 3, 13], "rotation": 270, "texture": "#side", "cullface": "west"}
			}
		}
	]
}