{
	"credit": "Made with Blockbench",
	"parent": "block/template_orientable_trapdoor_top",
	"textures": {
		"side": "block/warped_trapdoor_side",
		"particle": "block/warped_trapdoor"
	},
	"elements": [
		{
			"from": [0, 13, 0],
			"to": [16, 16, 3],
			"faces": {
				"north": {"uv": [0, 13, 16, 16], "texture": "#side", "cullface": "north"},
				"east": {"uv": [3, 10, 0, 13], "texture": "#side", "cullface": "east"},
				"south": {"uv": [0, 13, 16, 16], "texture": "#side"},
				"west": {"uv": [0, 10, 3, 13], "texture": "#side", "cullface": "west"},
				"up": {"uv": [0, 16, 16, 13], "texture": "#particle", "cullface": "up"},
				"down": {"uv": [0, 13, 16, 16], "texture": "#particle"}
			}
		},
		{
			"from": [0, 13, 13],
			"to": [16, 16, 16],
			"faces": {
				"north": {"uv": [0, 13, 16, 16], "texture": "#side"},
				"east": {"uv": [16, 10, 13, 13], "texture": "#side", "cullface": "east"},
				"south": {"uv": [0, 13, 16, 16], "texture": "#side", "cullface": "south"},
				"west": {"uv": [13, 10, 16, 13], "texture": "#side", "cullface": "west"},
				"up": {"uv": [0, 3, 16, 0], "texture": "#particle", "cullface": "up"},
				"down": {"uv": [0, 0, 16, 3], "texture": "#particle"}
			}
		},
		{
			"from": [0, 13, 3],
			"to": [3, 16, 13],
			"faces": {
				"east": {"uv": [13, 10, 3, 13], "texture": "#side"},
				"west": {"uv": [3, 10, 13, 13], "texture": "#side", "cullface": "west"},
				"up": {"uv": [0, 13, 3, 3], "texture": "#particle", "cullface": "up"},
				"down": {"uv": [0, 3, 3, 13], "texture": "#particle"}
			}
		},
		{
			"from": [3, 13, 8],
			"to": [4, 16, 10],
			"faces": {
				"north": {"uv": [3, 13, 4, 16], "texture": "#side"},
				"east": {"uv": [10, 10, 8, 13], "texture": "#side"},
				"south": {"uv": [12, 10, 13, 13], "texture": "#side"},
				"up": {"uv": [3, 8, 4, 6], "texture": "#particle", "cullface": "up"},
				"down": {"uv": [3, 6, 4, 8], "texture": "#particle"}
			}
		},
		{
			"from": [4, 13, 11],
			"to": [6, 16, 13],
			"faces": {
				"north": {"uv": [4, 13, 6, 16], "texture": "#side"},
				"east": {"uv": [13, 10, 11, 13], "texture": "#side"},
				"west": {"uv": [11, 10, 13, 13], "texture": "#side"},
				"up": {"uv": [4, 5, 6, 3], "texture": "#particle", "cullface": "up"},
				"down": {"uv": [4, 3, 6, 5], "texture": "#particle"}
			}
		},
		{
			"from": [5, 13, 10],
			"to": [6, 16, 11],
			"faces": {
				"north": {"uv": [5, 13, 6, 16], "texture": "#side"},
				"west": {"uv": [10, 10, 11, 13], "texture": "#side"},
				"up": {"uv": [5, 5, 6, 6], "texture": "#particle", "cullface": "up"},
				"down": {"uv": [5, 5, 6, 6], "texture": "#particle"}
			}
		},
		{
			"from": [8, 13, 12],
			"to": [9, 16, 13],
			"faces": {
				"north": {"uv": [7, 13, 8, 16], "texture": "#side"},
				"west": {"uv": [12, 10, 13, 13], "texture": "#side"},
				"up": {"uv": [8, 3, 9, 4], "texture": "#particle", "cullface": "up"},
				"down": {"uv": [8, 3, 9, 4], "texture": "#particle"}
			}
		},
		{
			"from": [10, 13, 12],
			"to": [11, 16, 13],
			"faces": {
				"north": {"uv": [5, 13, 6, 16], "texture": "#side"},
				"east": {"uv": [13, 10, 12, 13], "texture": "#side"},
				"up": {"uv": [10, 3, 11, 4], "texture": "#particle", "cullface": "up"},
				"down": {"uv": [10, 3, 11, 4], "texture": "#particle"}
			}
		},
		{
			"from": [5, 13, 7],
			"to": [6, 16, 8],
			"faces": {
				"south": {"uv": [10, 13, 11, 16], "texture": "#side"},
				"west": {"uv": [7, 10, 8, 13], "texture": "#side"},
				"up": {"uv": [5, 8, 6, 9], "texture": "#particle", "cullface": "up"},
				"down": {"uv": [5, 8, 6, 9], "texture": "#particle"}
			}
		},
		{
			"from": [6, 13, 3],
			"to": [7, 16, 4],
			"faces": {
				"east": {"uv": [4, 10, 3, 13], "texture": "#side"},
				"south": {"uv": [9, 13, 10, 16], "texture": "#side"},
				"up": {"uv": [6, 12, 7, 13], "rotation": 270, "texture": "#particle", "cullface": "up"},
				"down": {"uv": [6, 12, 7, 13], "rotation": 90, "texture": "#particle"}
			}
		},
		{
			"from": [11, 13, 3],
			"to": [12, 16, 4],
			"faces": {
				"east": {"uv": [4, 10, 3, 13], "texture": "#side"},
				"south": {"uv": [11, 13, 12, 16], "texture": "#side"},
				"west": {"uv": [3, 10, 4, 13], "texture": "#side"},
				"up": {"uv": [11, 12, 12, 13], "rotation": 270, "texture": "#particle", "cullface": "up"},
				"down": {"uv": [11, 12, 12, 13], "rotation": 90, "texture": "#particle"}
			}
		},
		{
			"from": [9, 13, 3],
			"to": [10, 16, 6],
			"faces": {
				"east": {"uv": [6, 10, 3, 13], "texture": "#side"},
				"south": {"uv": [9, 13, 10, 16], "texture": "#side"},
				"west": {"uv": [3, 10, 6, 13], "texture": "#side"},
				"up": {"uv": [9, 10, 10, 13], "rotation": 270, "texture": "#particle", "cullface": "up"},
				"down": {"uv": [9, 10, 10, 13], "rotation": 90, "texture": "#particle"}
			}
		},
		{
			"from": [12, 13, 6],
			"to": [13, 16, 11],
			"faces": {
				"north": {"uv": [12, 13, 13, 16], "texture": "#side"},
				"south": {"uv": [3, 10, 4, 13], "texture": "#side"},
				"west": {"uv": [6, 10, 11, 13], "texture": "#side"},
				"up": {"uv": [12, 10, 13, 5], "texture": "#particle", "cullface": "up"},
				"down": {"uv": [12, 5, 13, 10], "texture": "#particle"}
			}
		},
		{
			"from": [6, 13, 6],
			"to": [7, 16, 12],
			"faces": {
				"north": {"uv": [6, 13, 7, 16], "texture": "#side"},
				"east": {"uv": [12, 10, 6, 13], "texture": "#side"},
				"south": {"uv": [9, 13, 10, 16], "texture": "#side"},
				"west": {"uv": [6, 10, 12, 13], "texture": "#side"},
				"up": {"uv": [6, 10, 7, 4], "texture": "#particle", "cullface": "up"},
				"down": {"uv": [6, 4, 7, 10], "texture": "#particle"}
			}
		},
		{
			"from": [9, 13, 9],
			"to": [10, 16, 13],
			"faces": {
				"north": {"uv": [6, 13, 7, 16], "texture": "#side"},
				"east": {"uv": [13, 10, 8, 13], "texture": "#side"},
				"west": {"uv": [8, 10, 13, 13], "texture": "#side"},
				"up": {"uv": [9, 7, 10, 3], "texture": "#particle", "cullface": "up"},
				"down": {"uv": [9, 3, 10, 7], "texture": "#particle"}
			}
		},
		{
			"from": [10, 13, 4],
			"to": [11, 16, 11],
			"faces": {
				"north": {"uv": [5, 13, 6, 16], "texture": "#side"},
				"east": {"uv": [11, 10, 4, 13], "texture": "#side"},
				"south": {"uv": [10, 13, 11, 16], "texture": "#side"},
				"west": {"uv": [4, 10, 11, 13], "texture": "#side"},
				"up": {"uv": [10, 12, 11, 5], "texture": "#particle", "cullface": "up"},
				"down": {"uv": [10, 5, 11, 12], "texture": "#particle"}
			}
		},
		{
			"from": [4, 13, 3],
			"to": [6, 16, 7],
			"faces": {
				"east": {"uv": [7, 10, 3, 13], "texture": "#side"},
				"south": {"uv": [10, 13, 12, 16], "texture": "#side"},
				"west": {"uv": [3, 10, 7, 13], "texture": "#side"},
				"up": {"uv": [4, 13, 6, 9], "texture": "#particle", "cullface": "up"},
				"down": {"uv": [4, 9, 6, 13], "texture": "#particle"}
			}
		},
		{
			"from": [13, 13, 3],
			"to": [16, 16, 13],
			"faces": {
				"east": {"uv": [13, 10, 3, 13], "texture": "#side", "cullface": "east"},
				"west": {"uv": [3, 10, 13, 13], "texture": "#side"},
				"up": {"uv": [13, 13, 16, 3], "texture": "#particle", "cullface": "up"},
				"down": {"uv": [13, 3, 16, 13], "texture": "#particle"}
			}
		}
	]
}